T0879-D1.fasta,DPAATADTVNPGNKIIYLTFDDGPGKYTQGLLDVLDKYNVKATFFVTNTHPDYQNMIAEEAKRGHTVAIHSASHKYNQIYTSEQAFFDDLEQMNSIIKAQTGNDASIIRFPGGSSNTVSKDYCPGIMTQLVNDVTARGLLYCDWNVSSGDANPKPISTEQVVQNVISGVQSHNVSVVLQHDIKEFSVNAVEQIIQWGQANGYTFLPLTTSSPMSHHRVNN 
T0902-D1.fasta,IDSGVLAKLSPEQPTIFGPVKGAVVSAFTAQPIKVVTQQRVSDEFMWADADYRLGVLQDLISPALGASIGRAVDLIAFHGIDPATGKAASAVHTSLNKTKNIVDATDSATADLVKAVGLIAGAGLQVPNGVALDPAFSFALDNWRGLNVGASSTVSGAPEMSPASGVKAIVGDFSRVHWGFQRNFPIELIEYGDPDQTGRDLKGHNEVMVRAEAVLYVAIESLDSFAVVKE 
T0862-D1.fasta,KTVDKLNQKQESAIKKIDNTIKNALKDHDIIGTLKDMDGKPWDAMQEMQNTLRGLRNHADTLKNVNNPEAQAAYGRATDAINKIESALKGYGI 
T0870-D1.fasta,ITLRKLIGNINMTKEPEQQSPLELWFERIIDVPLEKLTVEDLCRAIRQNLCIDQLMPRVLEVLTKEPLAGEYYDGELIAALSTIKGEDLKDQKSTFTQIRQLINQLEPSDINDDLRKDILKIN 
T0859-D1.fasta,ANKPMQPITSTANKIVWSDPTRLSTTFSASLLRQRVELNNVSGQYVSVYKRPAPMPNENQSIRTVISGSAENLATLKAEWETHKRNVDTLFASGNAGLGFLDPTAAIVSSDTT 
T0928-D1.fasta,APELYRAPFPLYALQVDPSTGLLIAAGGGGAAKTGIKNGVHFLQLELINRLSASLLHSHDTETRATMNLALAGDILAAGQDAHCQLLRFQAHLELRVENLQAVQTDFSSDPLQKVVCFNHDNTLLATGGTDGYVRVWKVPSLEKVLEFKAHEGEIEDLALGPDGKLVTVGRDLKASVWQKDQLVTQLHWQENPTFSSTPYRYQACRFGQVPDQPAGLRLFTVQIPHKRLRQPPPCYLTAWDGSNFLPLRTKSCGHEVVSCLDVSESGTFLGLGTVTGSVAIYIAFSLQCLYYVREAHGIVVTDVAFLPEKGRGPELLGSHETALFSVAVDSRCQLHLLPSR 
T0944-D1.fasta,CGRTSCHLPRDVLTRACAYQDRRGQQRLPEWRDPDKYCPSYNKSPQSNSPVLLSRLHFEKDADSSERIIAPMRWGLVPSWFKESDPSKLQFNTTNCRSDTVMEKRSFKVPLGKGRRCVVLADGFYEWQRCQGTNQRQPYFIYFPQIEKVWDNWRLLTMAGIFDCWEPPEGGDVLYSYTIITVDSCKGLSDIHHRMPAILDGEEAVSKWLDFGEVSTQEALKLIHPTENITFHAVSSVVNNSRNNTPECLAPVA 
T0891-D1.fasta,VFDAVIKAYKDNSDEESYATVYIKDPKLTIENGKRIITATLKDSDFFDYLKVEFHDVKVLSEDKRKHGTKVIQFEVGELGKRYNMQMHILIPTLGYDKEFKIQFEVNMRTFV 
T0903-D1.fasta,GSSMCLELALEGERLCKAGDCRAGVAFFQAAIQAGTEDLRTLSAIYSQLGNAYFYLGDYNKAMQYHKHDLTLAKSMNDRLGEAKSSGNLGNTLKVMGRFDEAAICCERHLTLARQLGDRLSEGRALYNLGNVYHAKGKHLGEALTRAVEFYQENLKLMRDLGDRGAQGRACGNLGNTYYLLGDFQAAIEHHQERLRIAREFGDRAAERRANSNLGNSHIFLGQFEDAAEHYKRTLALAVELGEREVEAQSCYSLGNTYTLLHEFNTAIEYHNRHLAIAQELGDRIGEARACWSLGNAHSAIGGHERALKYAEQHLQLAKELHDP 
T0911-D1.fasta,RRRYLTLVMIFITVVICYVDRANLAVASAHIQEEFGITKAEMGYVFSAFAWLYTLCQIPGGWFLDRVGSRVTYFIAIFGWSVATLFQGFATGLMSLIGLRAITGIFEAPAFPTNNRMVTSWFPEHERASAVGFYTSGQFVGLAFLTPLLIWIQEMLSWHWVFIVTGGIGIIWSLIWFKVYQPPRLTKGISKAELDYIRDGGGLVDGDALTAKDWKLVFHRKLIGVYLGQFAVASTLWFFLTWFPNYLTQEKGITALKAGFMTTVPFLAAFVGVLLSGWVADLLVRKGFSLGFARKTPIICGLLISTCIMGANYTNDPMMIMCLMALAFFGNGFASITWSLVSSLAPMRLIGLTGGVFNFAGGLGGITVPLVVGYLAQGYGFAPALVYISAVALIGALSYILLVGDVKR 
T0896-D1.fasta,VSKSQLIVGKRYYISVDTLNVRSSNSTTANNVIGKLSKNDVVEVYDVLNEATPLVQVKIIKSTTVSPYISSDFFVSKDYLSERELT 
T0896-D3.fasta,YAREASREAAPFSRYRDSQRPLPWEWMLLTNGAAQSNGLTADAATIRAQGISAVPGVNLIERGVYQVDRYPTVMPLNYSKSAASGLSGDRYEIDKNLKKGQGSNFRGYFLVDEGRFVSYSHPNYNATGGAIRVGGMADFMDSVPALLQAGAGNYYPPAIIK 
T0896-D2.fasta,LPTSRYFVVQNIATEKTRIYERCTATPGCAHKMVMETDMVVGRPEEGDGQDDNAYKTWVGHSRISEWVKFYQDGKAFYPRWYTPGQNIKDIPDPVTDSMSLYMGARKWLRKNEQGKTSNYGAFGWYAAKLTPAGENGGVNYQWIHGTMGWGKDGSKPIEITRMKMNFFSNPGSHGCTRLENQAVAYMRHLLGPGTDIYRV 
T0863-D2.fasta,DLSSSYYRDYVKKILKKKKPTKISSSTSKPKLFDRLRDAVKSYIYTPEDVFRFPLKLAISVVVAFIALYQMALLLISGVLPTLHIVRRGVDENIAFLLAGFNIILSNDRQEVVRIVVYYLWCVEICYVSAVTLSCLVNLLMLMRSMVLHRSNLKGLYRGDSLNVFNCHRSIRPSRPALVCWMGFTSYQAAFLCLGMAIQTLVFFICILFAVFLIIIPILWGTNLMLFHIIGNLWPFWLTLVLAALIQHVASRFLFIRKDGGTRDLNNRGSLFLLSYILFLVNVMIGVVLGIWRVVITALFNIVHLGRLDISLLNRNVEAFDPGYRCYSHYLKIEVSQSHPVMKAFCGLLLQSSGQD 
T0863-D1.fasta,EVIPPCDPTADEGLFHICIAAISLVVMLVLAILARRQKLSDNQRGLTGLLSPVNFLDHTQHKGLAVAVYGVLFCKLVGMVLSHHPLPFTKEVANKEFWMILALLYYPTLYYPLLACGTLHNKVGYVLGSLLSWTHFGILVWQKVDCPKTPQIYKYYALFGSLPQIACLAFLSFQYPLLLFKGLQNTETANASE 
T0871-D1.fasta,GSEFMSDQPWLHRLDPAEAAEIDDALDVLLKSGKPNFAASPADFPLPTLGPRLRGIVDSIENEPGFALVRGVPVGDKSEDEVRRLYWGLGMYIGVPMIQNNNDSSMVDIRDGFHIDSTDVVTLLCRRAASQGGTSLVVSAEAVRREMSWECPELLSALYEPLPFADVASPDDERPDVFLSPVFGRHEGLTTTRFYIRRVLRSQDNPDAPRLTERQLEAINKVEEIAARPGLVTPMQFEPGDLQMINNHLVLHGRTAFGRHLLRMWFSVPSSRSLPPGYEAAWGTREGGTLRGAGPRWQLQGEFGEFQRRQAEELGVAIP 
T0868-D1.fasta,RPGEAGAAAELENYLGGTLQRAPQGSSVDFVFSSGPNNGKTVDFMLTPDTVAQAAKINQFFDKNLNNFMNTLSDHAAAADFVPLASRFLSEANKTLLVKAIGNLPQKLQAKIILIK 
T0945-D1.fasta,PMPLLINLIVSLLGFVATVTLIPAFRGHFIAARLCGQDLNKTSRQQIPESQGVISGAVFLIILFCFIPFPFLPHHEFVALIGALLAICCMIFLGFADDVLNLRWRHKLLLPTAASLPLLMVYFTNFGNTTIVVHLDLGILYYVYMGLLAVFCTNAINILAGINGLEAGQSLVISASIIVFNLVELEGDCRDDHVFSLYFMIPFFFTTLGLLYHNWYPSRVFVGDTFCYFAGMTFAGVGILGHFSKTMLLFFMPQVFNFLYSLPQLLHIIPCPRHRIPRLNIKTGKLEMSYSKFKTKSLSFLGTFILKVAESLQLVTVHQSETEDGEFTECNNMTLINLLLKVLGPIHERNLTLLLLLLQILGSAITFSIRYQLVR 
T0892-D1.fasta,PPYLVELLETAASDNTTIYYSLLDRIAKGHFAEATTDKALYEKFLEVLRDDGHMDPEALSAFKLALSLR 
T0892-D2.fasta,TATPRVEAHYQYYTATVEPSLSGTQEGCDQWFLIDGEQYCSPTLDTSHGKVKGEDQLRTLPFDRKFGVGSRDVILYADITSKSFAPFHEVAMDLAKKGKASYRVRYRRSP 
T0897-D2.fasta,NIGAVNTRINIANSTTRYTPMRQTGQPVSAGFEHVLEGHFHRPIANNRSVFTISPNELKVILQSNKVVSSPVSMTPDGQYMRTVDVGKVIGTTSIKEGGQPTTTIKVFTDKSGNLITTYPVKGN 
T0904-D1.fasta,TITTSAVCKLVRQLQQQALSLQVHFERSERVLSGLQASSLPEALAGATQLLSHLDDFTATLERRGVFFNDAKIERRRYEQHLEQIRTVSKDTRYSLERQHYINLESLLDDVQLLKRHTLITLRLIFERLVRVLVISIEQSQCDLLLRANINMVATLMNIDYDGFRSLSDAFVQNEAVRTLLVVVLDHKQSSVRALALRALATLCCAPQAINQLGSCGGIEIVRDILQVESAGERGAIERREAVSLLAQITA 
T0889-D1.fasta,ELEGKVAAVTGAASGIGLASAEAMLAAGARVVMVDRDEAALKALCNKHGDTVIPLVVDLLDPEDCATLLPRVLEKACQLDILHANAGTYVGGDLVDADTMAIDRMLNLNVNVVMKNVHDVLPHMIERRTGDIIVTSSLAAHFPTPWEPVYASSKWAINCFVQTVRRQVFKHGIRVGSISPGPVVSALLADWPPEKLKEARDSGSLLEASDVAEVVMFMLTRPRGMTIRDVLMLPTNFDL 
T0912-D1.fasta,AGEIWISPQGNDLNDGTRPSPKATLTSALRQAREWRRTDDERVRGGITICMEGGTYALYEPVFIRPEDSGTEDSPTVIRPVADEKVVLSGAIETLIQVKGTFDRPVSHIRFEKITFSHTTWMRPSEKGHVPLQAGMYLTDGYRIDPKMERDYLNHPLDNQGWLGRPAAAVSVAAANQIDFERCRFDHLGSTGLDYEEAVQGGVVRGCLFRDIAGNGLVVGSFSPAAHETHLPYDPTDLREVCAHQQISNCYFTEVGNEDWGCLAILAGYVKDINIEHNEICEVPYSGISLGWGWTQTVNCMRNNRVHANLIHHYAKHMYDVAGVYTLGSQPKSYVTENCVHSIYKPGYVHDPNHWFYLYTDEGSSFITVRDNWTEGEKYLQNANGPGNVWENNGPQVDTVIRERAGLEAEYRDL 
T0897-D1.fasta,PDKTALEKIIQGIMPAHAAGAMTNPQDKDAAIWISNIRNGITGPIVITSYGVYAAGWTAPLIGTAGKLAISTCMANPSGCTVMVTQAAEAGAGIATGAVTVGNAWEAPVGALSKAKAAKQAIPTQTVKELDGLLQESK 
T0912-D3.fasta,RDVEDFEKMNRICSVDEKNEILYVPAVAIRRLVDGKGALKAKYAEMVLHQMWCVANLRIRSVELAGDSAAIRFHQPESRIQFEHPWPRPMVTTDGHNSAFYLT 
T0912-D2.fasta,GIRIGGWKKQGKLWVADVPMFNGRPLDFRQLWVNGKKAVRANARELLDVAGEWYHDIDARKVYYYPREGEKLQDAGTEVIVPA 
T0920-D2.fasta,EFQFPMLLTQTAQELNAIFKDMDRSVAAAAEQLSTTGLRGDRASAILETLFNENQYAYNCVTVDATGTIVNVAPKQYSSVIGEDISGQEQIIRLHETHQPVLSQAIKMVEGFVGIDLEHPVFDQDGGFIGSVSVLTQPDFFGSIISRKVHNFPVEIFVLQRDGTTIYDVNAEEIGKNAFAIARKMVSQAEGEGTYRAKQLLWTSIGLHGTNYRLALTYG 
T0920-D1.fasta,KPVVGVILPFSSAFEDIAVEQQRAVELALAESGSAFEIVFKDGGADVDTAVQAFQDLVRSQENLAAVVSCSSWASSAIHPLAAEKDIFHVAIGSAALKRTEPGHTIRLTVGVQQEQEQLAAYLTDFERIAVLAMDNNLGSSWIRMLEDRFPKQVVAAQEYNPQQMDIAAQLATIKARDSEALVLISAGEAATIAKQARQAGIKAQLVGTRPIQRAEVLAASAFTNGLVYTYPSYNQDHPFMSAFTDRYGLEPGFFGVEAYDLCTTLSRALEQGRQTPKALFEWYAGNTFTGALGKVTFANDGDASYPYIFKKVTESGFRVA 
T0864-D1.fasta,GHMASGPWKLTASKTHIMKSADVEKLADELHMPSLPEMMFGDNVLRIQHGSGFGIEFNATDALRCVNNYQGMLKVACAEEWQESRTEGEHSKEVIKPYDWTYTTDYKGTLLGESLKLKVVPTTDHIDTEKLKAREQIKFFEEVLLFEDELHDHGVSSLSVKIRVMPSSFFLLLRFFLRIDGVLIRMNDTRLYHEADKTYMLREYTSRESKISSLMHVPPSLFTEPNEISQYLPIKEAVCEKLIFPE 
T0872-D1.fasta,VTVDDLVEGIAFSITHDSENPNIVYLKSLMPSSYQVCWQHPQGRSQEREVTLQMPFEGKYEVTFGVQTRGGIVYGNPATFTIDSFCAD 
T0869-D1.fasta,AGSIVISKEVRVPVSTSQFDYLVSRIGDQFHSSDMWIKDEVYLPMEEGGMSFISTESLNSSGLSIFLATVMRARAASQAEESFPLYENVWNQLVEKLRQDARLG 
T0941-D1.fasta,TPPPVVGTRPAPAPGTNVIPGDYNEKDPNSLNRDNLTKRMTGGVTEDGLVYTSSSTDELLNYLRARNEKVGYETRRLNNEAAASVQSAKMSVDGLSGDVIITLKIKEGNDVKVYNVAGSAATPVRSVRAGNGERSTGARALEGTVKCVDLDGGCETTFARLKIGSSPTSAIINIVFRNSSADLFFKLPGNYSDNPEYLVLREFMRNTYLNENTQDKVKSVKMSSFEVVNGRSGFTVMMKGGNSELLAFAGPLLAPEAGTGVNIPLSRIAKDQEDTLDLISLNNTKLTYANWIGEARLVANNGLGQVRLALKMRKRATYAQDQFAITFMRKIKPIVDLTDDN 
T0900-D1.fasta,EESTAILYPFTISGNDRNGNFTINFKGTPNSTNNGCIGYSYNGDWEKIEWEGSCDGNGNLVVEVPMSKIPAGVTSGEIQIWWHSGDLKMTDYKALEHHHHHH 
T0893-D1.fasta,LSQAQKMQAIGQLAGGVAHDFNNLLTAIQLRLDQLLHRHPVGDPSYEGLNEIRQTGVRAADLVRKLLAFSRKQ 
T0893-D2.fasta,TVQREVLDLGELISEFEVLLRRLLREDVKLITDYGRDLPQVRADKSQLETAVMNLAVNARDAVRAAKGGGVVRIRTARLTRDEAIQLGFPAADGDTAFIEVSDDGPGIPPDVMGKIFDPFFTTKPVGEGTGLGLATVYGIVKQSDGWIHVHSRPNEGAAFRIFLPVYEA 
T0898-D2.fasta,EHIERVCPYCEWGEMQKLEEQNTHETVYLCTQCGCAFYNDNSQFLLKTPLTIPMK 
T0898-D1.fasta,FEKKYILELNDALSHLNHNSTSFDLLKVLISWLSNDIVIDKFKILGYDFSKYIEMNPDDYPVEKSILNREEIIYLKNNIYRKISSGNFKFQYFVQYIRDILEYLFI 
T0921-D1.fasta,NADVVFDFQNYTAKAGDEVTVDVLVDSKNKPISAMDVKFKVDSPLTIEEIDKESLAFNTTVMTNMAILGANFKSLDDKGEPLVPKDGAAVFTLYVNVPANTPDGTYYVGFNGKNEVHKSNDGSQFTVASKNGAITVGT 
T0860-D1.fasta,VSYSDGHFLTKSGGVINFRKTRVTSITITILGNYGLRVVNGELQNTPLTFKGADFKSSTLKDELLIPLEGAVQLNTAPSTALCIFITTDHVYRELCMMQFLTDVDKTPFLVVLRSESKHETIQYMHIVTVHPFLSL 
T0918-D2.fasta,LAPPDAKGIRVILDSKKAGQLSPGDPVLFRGYRVGSVETSTFDTQKRNISYQLFINAPYDRLVTNNVRFWKDSGIAVDLTSAGMRVEMGSLTTLLSGGVSFDVPEGLDLGQPVAPKTAFVLYD 
T0918-D1.fasta,GPEVTLITANAEGIEGGKTTIKSRSVDVGVVESATLADDLTHVEIKARLNSGMEKLLHKDTVFWVVKPQIGREGISGLGTLLSGVYIELQPGAKGSKMDKYDLLDSPP 
T0918-D3.fasta,DQKSIQDSLYTDHIDYLMFFKDSVRGLQPGAPVEFRGIRLGTVSKVPFFAPNMRQTFNDDYRIPVLIRIEPERLKDVVEHLGELLKRGLRGSLKTGNLVTGALYVDLDNGYQIIPTVS 
T0865-D1.fasta,PAASSQAAVEELRTQVRELRSIIETMKDQQKREIKQLLSELDEEKKIRLRLQMEVNDIKKAL 
T0873-D1.fasta,SMKRLKDLREYLAVLEAHQDVREIDEPVDPHLEAGAAARWTYENRGPALMLNDLTGTGRFCRILAAPAGLSTIPGSPLARVALSLGLDVSATAHEIVDSLAAARTREPVAPVVVDSAPCQDNVLLGDDANLDRFPAPLLHEGDGGPYLNTWGTIIVSTPDGSFTNWAIARVMKIDGKRMTGTFIPTQHLGQIRKLWDNLGQPMPFAIVQGTEPGIPFVASMPLPDGIEEVGFLGAYFGEPLELVRAKTVDLLVPASAEIVIEGHVMPEYVVDAITYRDDPIWPISVAGEPVDETHTAWGLVTAAEALALLRAAKLPVATAWMPFEAAAHWLIVCLTEDWRERMPGLSRDGICLRISQVLAATRIEAMMTRVFVLDDDVDPSDQTELAWAIATRVSPAHGRLVRHGMINPLAGCYSAEERRLGYGPKAVLNGLLPPMAERSRRSSFRHTYPEPVRQRVIELLA 
T0942-D2.fasta,SSEDFYLAKARTLGMYNSGRNQLTSDLLDEWAKGNVRQQRAAQYGRALQAMEANKYDEARKTLQPLLAAEPGNAWYLDLATDIDLGQNKANEAINRLKNARDLRTNPVLQLNLANAYLQGGQPQEAANILNRYTFNNKDDSNGWDLLAQAEAALNNRDQELAARAEGYALAGRLDQAISLLSSASSQVKLGSLQQARYDARIDQLRQLQERFKP 
T0942-D1.fasta,GQEMQMGDYYVRQLRGSAPLINDPLLTQYINSLGMRLVSHANSVKTPFHFFLINNDEINAFAFFGGNVVLHSALFRYSDNESQLASVMAHEISHVTQRHFTQQNEQEADRIGIQVLQRSGFDPQAMPTFLEKLLDQARYSSRPPEILLTHPLPESRLADARNRANQMRPMVVQ 
T0947-D1.fasta,DRSYKYCDDMTQIDKLLDRSRESVERIQREGLNIERIVVSKDKRQLYLVSGDTLLRTYTVAFGWNFIGHKQFEGDGKTPEGIYSIDYKNPKSQFTKSLHVDYPNKADIAYAKSQGRSPGGDIMIHGLPSNPQKYERISKIHPYDWTLGCIAVTNKEIEEIYALVKERTLVEVCKI 
T0886-D2.fasta,TSSKIALQAIADPANAKFNSGTLNISVGDTKLPAITVDSSNNTLAGMRDAINQAGKEAGVSATIITDNSGSRLVLSSTKTGDGKDIKVEVSDDGSGGNTSLSQLAFDPATAPKLSDGAAAGYVTKAA 
T0886-D1.fasta,DILKASATQSAVAGTYQIQVNSLANGEITVDGLKRSIASNSVSDVIDGVSFDVKAVTEAGKPITLTVSR 
T0922-D1.fasta,SVQKFPGDANCDGIVDISDAVLIMQTMANPSKYQMTDKGRINADVTGNSDGVTVLDAQFIQSYCLGLVELPPVE 
T0861-D1.fasta,GKIFEDNSLTIGHTPLVRLNRIGNGRILAKVESRNPSFSVKCRIGANMIWDAEKRGVLKPGVELVEPTSGNTGIALAYVAAARGYKLTLTMPETMSIERRKLLKALGANLVLTEGAKGMKGAIQKAEEIVASNPEKYLLLQQFSNPANPEIHEKTTGPEIWEDTDGQVDVFIAGVGTGGTLTGVSRYIKGTKGKTDLISVAVEPTDSPVIAQALAGEEIKPGPHKIQGIGAGFIPANLDLKLVDKVIGITNEEAISTARRLMEEEGILAGISSGAAVAAALKLQEDESFTNKNIVVILPSSGERYLSTALFA 
T0866-D1.fasta,PTYTLYATFDNIGGLKARSPVSIGGVVVGRVADITLDPKTYLPRVTLEIEQRYNHIPDTSSLSIRTSGLLGEQYLALNVGFEDPELGTAILKDGDTIQDTKSAM 
T0943-D2.fasta,GLTEADVGITKFVSSHQGFSGILKERYSDFVVHEIGKDGRISHLNDLSIPVWPKSRGSYCHFVLYKENKDTMDAINVLSKYLRVKPNIFSYMGTKDKRAITVQEIAVLKITAQRLAHLNKCLMNFKLGNFSYQKNPLKLGELQGNHFTVVLRNITGTDDQVQQAMNSLKEIGFINYYGMQRFGAVPTYQVGRAILQNSWTEVMDLILKPRSGKGYLVKCREEWAKTKDPTAALRKLPVKRCVEGQLLRGLSKYGMKNIVSAFGIIPRNNRLMYIHSYQSYVWNNMVSKRIEDYGLKPVPGDLVLKGATATYIEEDDVNNYSIHDVVMPLPGFDVIYPKHKIQEAYREMLTADNLDIDNMRHKIRDYSLSGAYRKIIIRPQNVSWEVVAYDDPKIPLFNTDVDNLEGKTPPVFASEGKYRALKMDFSLPPSTYATMAIREVLKMDTSI 
T0943-D1.fasta,PSEDIFTVLTAEEKQRTSVAIEVIEDTKEKRTIIHQAIKSLFPGLETKTEDREGKKYIVAYH 
