cb513_349,SFPKDPEIHLSGPLEAGKPITVKCSVADVYPFDRLEIDLLKGDHLMKSQEFLEDADRKSLETKSLEVTFTPVIEDIGKVLVCRAKLHIDEMDSVPTVRQAVKELQVYISP
cb513_348,FKIETTPESRYLAQIGDSVSLTCSTTGCESPFFSWRTQIDSPLNGKVTNEGTTSTLTMNPVSFGNEHSYLCTATCESRKLEKGIQVEIY
cb513_347,DYVEQRIDLNQLLIQHPSATYFVKASGDSIDGGISDGDLLIVDSAITASHGDIVIAAVDGEFTVKKLQLRPTVQLIPNSAYSPITISSEDTLDVFGVVIHVVKA
cb513_346,LDWTTFRRVFLIDDAWRPLMEPELANPLTAHLLAEYNRRCQTEEVLPPREDVFSWTRYCTPDEVRVVIIGQDPYHHPGQAHGLAFSVRANVPPPPSLRNVLAAVKNCYPEARMSGHGCLEKWARDGVLLLNTTLTVKRGAAASHSRIGWDRFVGGVIRRLAARRPGLVFMLWGTHAQNAIRPDPRVHCVLKFSHPSPLSKVPFGTCQHFLVANRYLETRSISPIDWSV
cb513_345,MQIFVKTLTGKTITLEVEPSDTIENVKAKIQDKEGIPPDQQRLIFAGKQLEDGRTLSDYNIQKESTLHLVLRLRGG
cb513_344,PRVHVCAECGKAFVESSKLKRHQLVHTGE
cb513_343,TIACPHKGCTKMFRDNSAMRKHLHTHG
cb513_342,SSVPSQKTYQGSYGFRLGFLHSGTAKSVTCTYSPALNKMFCQLAKTCPVQLWVDSTPPPGTRVRAMAIYKQSQHMTEVVRRCPHHERCSDSDGLAPPQHLIRVEGNLRVEYLDDRNTFRHSVVVPYEPPEVGSDCTTIHYNYMCNSSCMGGMNRRPILTIITLEDSSGNLLGRNSFEVRVCACPGRDRRTEEENL
cb513_341,GTPDIIVNAQINSEDENVLDFIIEDEYYLKKRGVGAHIIKVASSPQLRLLYKNAYSTVSCGNYGVLCNLVQNGEYDLNAIMFNCAEIKLNKGQMLFQTKIWR
cb513_340,SDTFTNSEVLDNSLGSMRIKNTDGSISLIIFPSPYYSPAFTKGEKVDLNTKRTKKSQHTSEGTYIHFQISGVT
cb513_339,KGGYVLQDVANPDIILVATGSEVSLSVEAAKTLAAKNIKARVVSLPDFFTFDKQPLEYRLSVLPDNVPIMSVEVLATTCWGKYAHQSFGIDRFGASGKAPEVFKFFGFTPEGVAERAQKTIAFYKGDKLISPLKKAF
cb513_338,YSIEADKKFKYSVKLSDYPTLQDAASAAVDGLLIDRDYNFYGGETVDFGGKVLTIECKAKFIGDGNLIFTKLGKGSRIAGVFMESTTTPWVIKPWTDDNQWLTDAAAVVATLKQSKTDGYQPTVSDYVKFPGIETLLPPNAKGQNITSTLEIRECIGVEVHRASGLMAGFLFRGCHFCKMVDANNPSGGKDGIITFENLSGDWGKGNYVIGGRTSYGSVSSAQFLRNNGGFERDGGVIGFTSYRAGESGVKTWQGTVGSTTSRNYNLQFRDSVVIYPVWDGFDLGADTDRPGDYPITQYPLHQLPLNHLIDNLLVRGALGVGFGMDGKGMYVSNITVEDCAGSGAYLLTHESVFTNIAIIDTNTKDFQANQIYISGACRVNGLRLIGIRSSLTIDAPNSTVSGITGMVDPSRINVANLAEEGLGNIRANSFGYDSAAIKLRIHKLSKTLDSGALYSHINGGAGSGSAYTQLTAISGSTPDAVSLKVNHKDCRGAEIPFVPDIASDDFIKDSSCFLPYWENNSTSLKALVKKPNGELVRLTLATL
cb513_337,QFTDIDKLAVSTIRILAVDTVSKANSGHPGAPLGMAPAAHVLWSQMRMNPTNPDWINRDRFVLSNGHAVALLYSMLHLTGYDLSIEDLKQFRQLGSRTPGHPEFELPGVEVTTGPLGQGISNAVGMAMAQANLAATYNKPGFTLSDNYTYVFLGDGCLQEGISSEASSLAGHLKLGNLIAIYDDNKITIDGATSISFDEDVAKRYEAYGWEVLYVENGNEDLAGIAKAIAQAKLSKDKPTLIKMTTTIGYGSLHAGSHSVHGAPLKADDVKQLKSKFGFNPDKSFVVPQEVYDHYQKTILKPGVEANNKWNKLFSEYQKKFPELGAELA
cb513_336,APTATLANGDTITGLNAIINEAFLGIPFAEPPVGNLRFKDPVPYSGSLDGQKFTSYGPSCMQQNPEGTYEENLPKAALDLVMQSKVFEAVSPSSEDCLTINVVRPPGTKAGANLPVMLWIFGGGFEVGGTSTFPPAQMITKSIAMGKPIIHVSVNYRVSSWGFLAGDEIKAEGSANAGLKDQRLGMQWVADNIAAFGGDPTKVTIFGESAGSMSVMCHILWNDGDNTYKGKPLFRAGIMQSGAMVPSDAVDGIYGNEIFDLLASNAGCGSASDKLACLRGVSSDTLEDATNNTPGFLAYSSLRLSYLPRPDGVNITDDMYALVREGKYANIPVIIGDQNDEGTFFGTSSLNVTTDAQAREYFKQSFVHASDAEIDTLMTAYPGDITQGSPFDTGILNALTPQFKRISAVLGDLGFTLARRYFLNHYTGGTKYSFLSKQLSGLPVLGTFHSNDIVFQDYLLGSGSLIYNNAFIAFATDLDPNTAGLLVKWPEYTSSSQSGNNLMMINALGLYTGKDNFRTAGYDALFSNPPSFFV
cb513_335,RYLGLPSEEAFKGRGVSACATSDGFFYRNQKVAVIGGGNTAVEEALYLSNIASEVHLIHRRDGFRAEKILIKRLMDKVENGNIILHTNRTLEEVTGDQMGVTGVRLRDTQNSDNIESLDVAGLFVAIG
cb513_334,IKPGQYVAGNMYGAVFVDIVRDEAHDAGLNIAFKGDIDLKKLQKLIDEKGAENIAYICLAVTVNLAGGQPVSMANMRAVRELTAAHGIKVFYDATRCVENAYFIKEQEQGFENKSIAEIVHEMFSYADG
cb513_333,RTPSDKPVAHVVANPQAEGQLQWLNRRANALLANGVELRDNQLVVPSEGLYLIYSQVLFKGQGCPSTHVLLTHTISRIAVSYQTKVNLLSAIKSPCQRETPEGAEAKPWYEPIYLGGVFQLEKGDRLSAEINRPDYLLFAESGQVYFGIIAL
cb513_332,SLEECLEFIAIIYGNTLQSILAIVRAMTTLNIQYGDSARQDDARKLMHMADTIEEGTMPKEMSDIIQRLWKDSGIQACFDRASEYQLNDSAGYYLSDLERLVTPGYVPTEQDVLRS
cb513_331,NDSPFYVNPNMSSAEWVRNNPNDPRTPVIRDRIASVPQGTWFAHHNPGQITGQVDALMSAAQAAGKIPILVVYNAPGRDCGNHSSGGAPSHSAYRSWIDEFAAGLKNRPAYIIVEPDLISLMSSCMQHVQQEVLETMAYAGKALKAGSSQARIYFDAGHSAWHSPAQMASWLQQADISNSAHGIATNTSNYRWTADEVAYAKAVLSAIGNPSLRAVIDTSRNGNGPAGNEWCDPSGRAIGTPSTTNTGDPMIDAFLWIKLPGEADGCIAGAGQFVPQAAYEMAIAA
cb513_299,MNIIQGNLVGTGLKIGIVVGRFNDFITSKLLSGAEDALLRHGVDTNDIDVAWVPGAFEIPFAAKKMAETKKYDAIITLGTVIRGATTHYDYVCNEAAKGIAQAANTTGVPVIFGIVTTENIEQAIERAGTKAGNKGVDCAVSAIEMANLNRSFE
cb513_330,TTCASLTNKLSQHDLADFKKYIKRKFTLMTLLSINN
cb513_298,GGGILDSMVEKLGKLQYSLDYDFQNNQLLVGIIQAAELPALDMGGTSDPYVKVFLLPDKKKKFETKVHRKTLNPVFNEQFTFKVPYSELGGKTLVMAVYDFDRFSKHDIIGEFKVPMNTVDFGHVTEEWRDLQSA
cb513_297,RDGSTERINLDKIHRVLDWAAEGLHNVSISQVELRSHIQFYDGIKTSDIHETIIKAAADLISRDAPDYQYLAARLAIFHLRKKAYGQFEPPALYDHVVKMVEMGKYDNHLLEDYTEEEFKQMDTFIDHDRDMTFSYAAVKQLEGKYLVQNRVTGEIYESAQFLYILVAACLFSNYPRETRLQYVKRFYDAVSTFKISLPTPIMSGVRTPTR
cb513_296,MTKQEKTALNMARFIRSQTLTLLEKLNELADAADEQADICESLHDHADELYRSCLARFGDD
cb513_295,QFSSCVLIECGDSLDSINATSSAIVKYVSQRAGIGINAGRIRALGSPIRGGEAFHTGCIPFYKHFQTAVKSCSQGGVRGGAATLFYPMWHLEVESLLVLKNNRGVEGNRVRHMDYGVQINKLMYTRLLKGEDITLFSPSDVPGLYDAFFADQEEFERLYTKYEKDDSIRKQRVKAVELFSLMMQERASTGRIYIQNVDHCNTHSPFDPAIAPVRQSNLCLEIALPTKPLNDVNDENGEIALCTLSAFNLGAINNLDELDELAILAVRALDALLDYQDYPIPAAKRGAMGRRTLGIGVINFAYYLAKHGKRYSDGSANNLTHKTFEAIQYYLLKASNELAKEQGACPWFNETTYAKGILPIDTYKKDLDTIANEPLHYDWEALRESIKTHGLRNSTLSALMPSETSSQISNATNGIEPPRGYVSIKASKDGILRQVVPDYEHLHDAYELLWEMPGNDGYLQLVGIMQKFIDQSISANTNYDPSRFPSGKVPMQQLLKDLLTAYKFGVKTLYYQNTRDDIDDLSNFQL
cb513_294,KKYETLSYLPDLSQEQLLSEVEYLLKNGWVPCLEFETEHGFVYRENNKSPGYYDGRYWTMWKLPMFGCTDATQVLAEVEEAKKAYPQAWIRIIGFDNVRQVQCISFIAYKPEGY
cb513_293,MRRYEVNIVLNPNLDQSQLALEKEIIQRALENYGARVEKVEELGLRRLAYPIAKDPQGYFLWYQVEMPEDRVNDLARELRIRDNVRRVMVVKSQEPF
cb513_292,AMSKIEIKLSDIPEGKNMAFKWRGKPLFVRHRTKKEIDQEAAVEVSQLRDPQHDLERVKKPEWVILIGVCTHLGCVPIANAGDFGGYYCPCHGSHYDASGRIRKGPAPLNLEVPSYEFTSDDMVIVG
cb513_291,LPQSFLLKCLEQVRKIQGDGAALQEKLCATYKLCHPEELVLLGHSLGIPWAPLLAGCLSQLHSGLFLYQGLLQALEGISPELGPTLDTLQLDVADFATTIWQQMEELGMMPAFASAFQRRAGGVLVASHLQSFLEVSYRVLRHLA
cb513_290,VHQVLYRALVSTKWLAESVRAGKVGPGLRVLDASWYSPGTREARKEYLERHVPGASFFDIEECRDKASPYEVMLPSEAGFADYVGSLGISNDTHVVVYNGDDLGSFYAPRVWWMFRVFGHRTVSVLNGGFRNWLKEGHPVTSEPSRPEPAIFKATLNRSLLKTYEQVLENLESKRFQLVDSRAQGRYLGTQPEPDAVGLDSGHIRGSVNMPFMDFLTENGFEKSPEELRAMFEAKKVDLTKPLIATCRKGVTACHIALAAYLCGKPDVAIYDGSWFEWFHRAPPETWVSQGKG
cb513_329,INVKEVRLSPTIEEHDFNTKLRNARKFLEKGDKVKATIRFKGRAITHKEIGQRVLDRLSEACADIAVVETAPKMDGRNMFLVLAPKND
cb513_328,KDFIINEQIRAREVRLIDQNGDQLGIKSKQEALEIAARRNLDLVLVAPNAKPPVCRIMDYGKFRFEQQKKEKEARK
cb513_327,VLLDGNGEVVQNGGTYYLLPQVWAQGGGVQLAKTGEETCPLTVVQSPNELSDGKPIRIESRLRSAFIPDDDKVRIGFAYAPKCAPSPWWTVVEGLSVKLSEDESTQFDYPFKFEQVSDQLHSYKLLYCEGKHEKCASIGINRDQKGYRRLVVTEDYPLTVVLKKDE
cb513_326,SKGVITITDAEFESEVLKAEQPVLVYFWASWCGPCQLMSPLINLAANTYSDRLKVVKLEIDPNPTTVKKYKVEGVPALRLVKGEQILDSTEGVISKDKLLSFLDTHLN
cb513_325,QCKTIAHVLRVNNGQELHVWETPPKENVPFKNNTILIASGFARRMDHFAGLAEYLSTNGFHVFRYDSLHHEFTMTTGKNSLCTVYHWLQTKGTQNIGLIAASLSARVAYEVISDLELSFLITAVGVVNLRDTLEKALGFDYLSLPIDELPNDLDFEGHKLGSEVFVRDCFEHHWDTLDSTLDKVANTSVPLIAFTANNDDWVKQEEVYDMLAHIRTGHCKLYSLLGSSHDLGENLVVLRNFYQSVTKAAIAMDGGSLEIDVDFIEPDFEQLTIATVNERRLKAEIENRTPEMA
cb513_324,KEGICLIDFSQIALSTALVNFPDKEKINLSMVRHLILNSIKFNVKKAKTLGYTKIVLCIDNAKSGYWRRDFAYYYKKTWDWEGYFESSHKVIDELKAYMPYIVMDIDKYEADDHIAVLVKKFSLEGHKILIISSDGDFTQLHKYPNVKQWSPMHKKWVKIGSAEIDCMTKILKGDKKDNVASVKVRSDFWFTRVEGERTPSMKTSIVEAIANDREQAKVLLTESEYNRYKENLVLIDFDYIPDNIASNIVNYYNSYKLPPRGKIYSYFVKAGLSKLTNSINEF
cb513_323,YIQNPEPAVYALKDPRSQDSTLCLFTDFDSQINVPKTMESGTFITDATVLDMKAMDSKSNGAIAWSNQTSFTCQDIFKETNATYPSSDVPC
cb513_322,LPSGSDPAFSQPKSVLDAGLTCQGASPSSVSKPILLVPGTGTTGPQSFDSNWIPLSTQLGYTPCWISPPPFMLNDTQVNTEYMVNAITALYAGSGNNKLPVLTWSQGGLVAQWGLTFFPSIRSKVDRLMAFAPDYKGTVLAGPLDALAVSAPSVWQQTTGSALTTALRNAGGLTQIVPTTNLYSATDEIVQPQVSNSPLDSSYLFNGKNVQAQAVCGPLFVIDHAGSLTSQFSYVVGRSALRSTTGQARSADYGITDCNPLPANDLTPEQKVAAAALLAPAAAAIVAGPKQNCEPDLMPYARPFAVGKRTCSGIVTP
cb513_321,ADYRALTGDESDNLPGVKGIGEKTARKLLEEWGSLEALLKNLDRLKPAIREKILAHMDDLKLSWDLAKV
cb513_289,YKDMDWLDTYAGIPPFVHGPYATMYAFRPWTIRQYAGFSTAKESNAFYRRNLAAGQKGLSVAFDLPTHRGYDSDNPRVAGDVGMAGVAIDSIYDMRELFAGIPLDQMSVSMTMNGAVLPILALYVVTAEEQGVKPEQLAGTIQNDILKEFMVRNTYIYPPQPSMRIISEIFAYTSANMPKWNSISISGYHMQEAGATADIEMAYTLADGVDYIRAGESVGLNVDQFAPRLSFFWGIGMNFFMEVAKLRAARMLWAKLVHQFGPKNPKSMSLRTHSQTSGWSLTAQDVYNNVVRTCIEAMAATQGHTQSLHTNSLDEAIALPTDFSARIARNTQLFLQQESGTTRVIDPWSGSAYVEELTWDLARKAWGHIQEVEKVGGMAKAIEKGIPKMRIEEAAARTQARIDSGRQPLIGVNKYRLEHEPPLDVLKVDNSTVLAEQKAKLVKLRAERDPEKVKAALDKITWAAGNPDDKDPDRNLLKLCIDAGRAMATVGEMSDALEKVFGRYT
cb513_320,SESSKPCCDQCSCTKSMPPKCRCSDIRNDFCYEPCK
cb513_288,STLPRFDSVDLGNAPVPADAARRFEELAAKAGTGEAWETAEQIPVGTLFNEDV
cb513_287,MIEITLKKPEDFLKVKETLTRMGIANNKDKVLYQSCHILQKKGLYYIVHFKEMLRMDGRQVEMTEEDEVRRDSIAWLLEDWGLIEIVPGQRTFMKDLTNNFRVISFKQKHEWKLVPKYTI
cb513_286,LSKEILEELQLNTKFTEEELSSWYQSFLKECPSGRITRQEFQTIYSKFFPEADPKAYAQHVFRSFGTLDFKEYVIALHMTSAG
cb513_285,KTNQKLEWAFSLYDVDGNGTISKNEVLEIVTAIFKMISPEDTKHLPEDENTPEKRAEKIWGFFGKKDDDKLTEKEFIEGTLANKEILRLIQFEPQKVKEKLK
cb513_284,ERDCRVSSFRVKENFDKARFSGTWYAMAKKDPEGLFLQDNIVAEFSVDETGQMSATAKGRVRLLNNWDVCADMVGTFTDTEDPAKFKMKYWGVASFLQKGNDDHWIVDTDYDTYAVQYSCRLLNLDGTCADSYSFVFSRDPNGLPPEAQKIVRQRQEELCLARQYRLIVHNGYC
cb513_283,GYSDRVQQITLGNSTITTQEAANAVVCYAEWPEYLPDVDASDVNKTSKPDTSVCRFYTLDSKTWTTGSKGWCWKLPDALKDMGVFGQNMFFHSLGRSGYTVHVQCNATKFHSGCLLVVVIPEHQLASHEGGNVSVKYTFTHPGERGIDLSSANEVGGPVKDVLYNMNGTLLGNLLIFPHQFINLRTNNTATIVIPYINSVPIDSMTRHNNVSLMVIPIAPLTVPTGATPSLPITVTIAPMCTEFSGIRSKSIVPQ
cb513_282,AVRRALIVLAHAERTSFNYAMKEAAVEALKKKGWEVVESDLYAMNFNPLISRNDITGEPKDSENFQYPVESSLAYKEGRLSPDIVAEQKKLEAADLVIFQFPLYWFGVPAILKGWFERVLVAGFAYTYATMYDKGPFQNKKTLLSITTGGSGSMYSLQGVHGDMNVILWPIQSGILRFCGFQVLEPQLVYSIGHTPPDARVQVLEGWKKRLETVWEESPLYFAPSSLFDLNFQAGFLLKKEVQEEQKKNKFGLSVGHHLGKSIPADNQIKARK
cb513_281,LPVPGARVAGGKLEANIALPGLGIEYSTDGGKQWQRYDAKAKPAVSGEVQVRSVSPDGKRYSRAEKV
cb513_280,PRFPYRGIFLDVARNFHKKDAVLRLLDQMAAYKLNKFHFHLSDDEGWRIEIPGLPELTEVGGQRCHDLSETTCLLPQYGQGPDVYGGFFSRQDYIDIIKYAQARQIEVIPEIDMPAHARAAVVSMEARYKKLHAAGKEQEANEFRLVDPTDTSNTTSVQFFNRQSYLNPCLDSSQRFVDKVIGEIAQMHKEAGQPIKTWHFGGDEAKNIRLGAGYTDKAKPEPGKGIIDQGNEDKPWAKSQVCQTMIKEGKVADMEHLPSYFGQEVSKLVKAHGIDRMQAWQDGLKDAESSKAFATSRVGVNFWDTLYWGGFDSVNDWANKGYEVVVSNPDYVYMDFPYEVNPDERGYYWGTRFSDERKVFSFAPDNMPQNAETSVDRDGNHFNAKSDKPWPGAYGLSAQLWSETQRTDPQMEYMIFPRALSVAERSWHRAGWEQDYRAGREYKGGETHFVDTQALEKDWLRFANILGQRELAKLDKGGVAYR
cb513_319,KGLTYTMCDKTKFTWKRAPTDSGHDTVVMEVTFSGTKPCRIPVRAVAHGSPDVNVAMLITPNPTIENNGGGFIEMQLPPGDNIIYVGELSHQWFQK
cb513_318,SRCTHLENRDFVTGTQGTTRVTLVLELGGCVTITAEGKPSMDVWLDAIYQENPAKTREYCLHAKLSDTKVAARCPTMGPATLAEEHQGGTVCKRDQSDRGWGNHCGLFGKGSIVACVKAACEAKKKATGHVYDANKIVYTVKVEPHTGDYVAANETHSGRKTASFTISSEKTILTMGEYGDVSLLCRVASGVDLAQTVILELDKTVEHLPTAWQVHRDWFNDLALPWKHEGAQNWNNAERLVEFGAPHAVKMDVYNLGDQTGVLLKALAGVPVAHIEGTKYHLKSGHVTCEVGLEKLKM
cb513_317,MMSGAPSATQPATAETQHIADQVRSQLEEKYNKKFPVFKAVSFKSQVVAGTNYFIKVHVGDEDFVHLRVFQSLPHENKPLTLSNYQTNKAKHDELTYF
cb513_316,AAATSLVYDTCYVTLTERATTSFQRQSFPTLKGMGDRAFQVVAFTIQGVSAAPLMYNARLYNPGDTDSVHATGVQLMGTVPRTVRLTPRVGQNNWFFGNTEEAETILAIDGLVSTKGANAPSNTVIVTGCFRLAPSELQSS
cb513_315,AEAGITGTWYNQLGSTFIVTAGADGALTGTYESAVGNAESRYVLTGRYDSAPASGTALGWTVAWKNNYRNAHSATTWSGQYVGGAEARINTQWLLTSGTTEANAWKSTLVGHDTFTKV
cb513_314,PPCLDSELTEFPLRMRDWLKNVLVTLYERDEDNNLLTEKQKLRVKKIHENEKRLEAGDHPVELLARDFEKNYNMYIFPVHWQFGQLDQHPIDGYLSHTELAPLRAPLIPMEHCTTRFFETCDLDNDKYIALDEWAGCFGIKQKDIDKDLVI
cb513_313,EKKYIVGFKQTMSTMSAAKKKDVISEKGGKVQKQFKYVDAASATLNEKAVKELKKDPSVAYVEEDHVAHAY
cb513_312,SSLRLPSAAELSGQWVLSGAEQHCDIRLNTDVLDGTTWKLAGDTACLQKLLPEAPVGWRPTPDGLTLTQADGSAVAFFSRNRDRYEHKLVDGSVRTLKKK
cb513_311,SIDNCAVGCPTGGSSNVSIVRHAYTLNNNSTTKFANWVAYHITKDTPASGKTRNWKTDPALNPADTLAPADYTGANAALKVDRGHQAPLASLAGVSDWESLNYLSNITPQKSDLNQGAWARLEDQERKLIDRADISSVYTVTGPLYERDMGKLPGTQKAHTIPSAYWKVIFINNSPAVNHYAAFLFDQNTPKGADFCQFRVTVDEIEKRTGLIIWAGLPDDVQASLKSKPGVLPELMGCKN
cb513_279,RGKIVPTPMQVKVHAQDADLRKGVALDLSTLVKPAADVVSQRFALLGVPVQTNGYPIKTDIQPGKFKGAMAVSGAYELKIGKKEAQVIGFDQAGVFYGLQSILSLVPSDGSGKIATLDASDA
cb513_310,AACKCDDEGPDIRTAPLTGTVDLGSCNAGWEKCASYYTIIADCCRKKK
cb513_278,DQQLVDQLSQLKLNVKMLDNRAGENGVDCAALGADWASCNRVLFTLSNDGQAIDGKDWVIYFHSPRQTLRVDNDQFKIAHLTGDLYKLEPTAKFSGFPAGKAVEIPVVAEYWQLFRNDFLPRWYATSGDAKPKMLANTDTENLDQFVAPFTGDQ
cb513_277,KEDFVGHQVLRITAADEAEVQTVKELEDLEHLQLDFWRGPGQPGSPIDVRVPFPSLQAVKVFLEAHGIRYRIMIEDVQSLLDEEQEQMFASQSR
cb513_276,TYTTRQIGAKNTLEYKVYIEKDGKPVSAFHDIPLYADKEDNIFNMVVEIPRWTNAKLEITKEETLNPIIQNTKGKLRFVRNCFPHHGYIHNYGAFPQTWEDPNVSHPETKAVGDNNPIDVLQIGETIAYTGQVKEVKALGIMALLDEGETDWKVIAIDINDPLAPKLNDIEDVEKYFPGLLRATDEWFRIYKIPDGKPENQFAFSGEAKNKKYALDIIKETHNSWKQLIAGKSSDSKGIDLTNVTLPDTPTYSKAASDAIPPASPKADAPIDKSIDKWFF
cb513_275,VKDGYIVDDVNCTYFCGRNAYCNEECTKLKGESGYCQWASPYGNACYCYKLPDHVRTKGPGRCH
cb513_274,HRFKVYNYMSPTFCDHCGSLLWGLVKQGLKCEDCGMNVHHKCREKVANLC
cb513_273,GPSQPTYPGDDAPVEDLIRFYDNLQQYLNVVTRHRY
cb513_272,LPAEKLRLDSAMSSAADIEAFKQRYEAQDLQPLSTYLKQFGLDD
cb513_271,EPFANWWDNGSNQVAFGRGNRGFIVFNNDDWQLSSTLQTGLPGGTYCDVISGDKVGNSCTGIKVYVSSDGTAQFSISNSAEDPFIAIHAESKL
cb513_270,LASLEDKQEGPLQAYQVLRAVNKIAEPDAIYSIDVGDINLNANRHLKLTPSNRHITSNLFATMGVGIPGAIAAKLNYPERQVFNLAGDGGASMTMQDLATQVQYHLPVINVVFTNCQYGFIKDEQEDTNQNDFIGVEFNDIDFSKIADGVHMQAFRVNKIEQLPDVFEQAKAIAQHEPVLIDAVITGDRP
cb513_309,DIRGTAFQQQVWQALRTIPCGETVSYQQLANAIGKPKAVRAVASACAANKLAIVIPCHRVVRGDGSLSGYRWGVSRKAQLLRREAEN
cb513_308,DAIYDNVENLRRLLPDDTHIMAVVKANAYGHGDVQVARTALEAGASRLAVAFLDEALALREKGIEAPILVLGASRPADAALAAQQRIALTVFRSDWLEEASALYSGPFPIHFHLKMDTGMGRLGVKDEEETKRIVALIERHPHFVLEGLYTHFATADEVNTDYFSYQYTRFLHMLEWLPSRPPLVHCANSAASLRFPDRTFNMVRFGIAMYGLAPSPGIKPLLPYPLKEA
cb513_307,LAVRYALADCELGRCLVAESERGICAILLGDDDATLISELQQMFPAADNAPADLMFQQHVREVIASLNQRDTPLTLPL
cb513_306,PWPGAPVGGEEANREIKRVGGPPEFSFPPLDHVALMEKNGWWEPRISQVSGSRSYALKGDLALYELALLRFAMDFMARRGFLPMTLPSYAREKAFLGTGHFPAYRDQVWAIAETDLYLTGTAEVVLNALHSGEILPYEALPLRYAGYAPAFRSEAGSFGKDVRGLMRVHQFHKVEQYVLTEASLEASDRAFQELLENAEEILRLLELPYRLVEVATGDMGPGKWRQVDIEVYLPSEGRYRETHSCSALLDWQARRANLRYRDPEGRVRYAYTLNNTALATPRILAMLLENHQLQDGRVRVPQALIPYMGKEVLEPCG
cb513_305,GLKRISKPGLRVYVKAHEVPRVLNGLGIAILSTSQGVLTDKEARQKGTGGEIIAYVI
cb513_304,VMTDPIADMLTAIRNANMVRHEKLEVPASKIKREIAEILKREGFIRDYEYIEDNKQGILRIFLKYGPNERVIT
cb513_303,PREAQAAQWELNYVALDGNIGCMVNGAGLAMGTMDIVKLHGGEPANFLDVGGGATKERVTEAFKIILSDDKVKAVLVNIFGGIVRCDLIADGIIGAVAEVGVNVPVVVRLEGNNAELGAKKLADSGLNIIAAKGLTDAAQQVVAAVEGK
cb513_302,VGYACTTPREAEEAASKIGAGPWVVKCQVHAGGRGKAGGVKVVNSKEDIRAFAENWLGKRLVTYQTDANGQPVNQILVEAA
cb513_301,SILIDKNTKVICQGFTGSQGTFHSEQAIAYGTKMVGGVTPGKGGTTHLGLPVFNTVREAVAATGATASVIYVPAPFCKDSILEAIDAGIKLIITITEGIPTLDMLTVKVKLDEAGVRMIGP
cb513_269,TPLLPEPDVQAVTRLTQTLLAAERPLIYYGIGARKAGKELEQLSKTLKIPLMSTYPAKGIVADRYPAYLGSANRVAQKPANEALAQADVVLFVGNNYPFAEVSKAFKNTRYFLQIDIDPAKLGKRHKTDIAVLADAQKTLAAILAQVSERESTPWWQANLANVKNWRAY
cb513_300,AQSVPYGVSQIKAPALHSQGYTGSNVKVAVIDSGIDSSHPDLKVAGGASFVPSETNPFQDNNSHGTHVAGTVAALDNSIGVLGVAPSASLYAVKVLGADGSGQYSWIINGIEWAIANNMDVINMSLGGPSGSAALKAAVDKAVASGVVVVAAAGNEGTSGSSSTVGYPAKYPSVIAVGAVDSSNQRASFSSVGPELDVMAPGVSICSTLPGNKYGAKSGTSMASPHVAGAAALILSKHPNWTNTQVRSSLENTTTKLGDSFYYGKGLINVQAAAQ
cb513_268,TNILAGAAVIKVLEAWGVDHLYGIPGGSINSIMDALSAERDRIHYIQVRHEEVGAMAAAADAKLTGKIGVCFGSAGPGGTHLMNGLYDAREDHVPVLALIGQFGTTGMNMDTFQEMNENPIYADVADYNVTAVNAATLPHVIDEAIRRAYAHQGVAVVQIPVDLPWQQIPAEDWYASANSYQ
cb513_267,IIYPGTLWCGHGNKSSGPNELGRFKHTDACCRTHDMCPDVMSAGESKHGLTNTASHTRLSCDCDDKFYDCLKNSADTISSYFVGKMYFNLIDTKCYKLEHPVTGCGERTEGRCLHYTVDKSKPKVYQWFDLRKY
cb513_266,AEQVTKSVLFVCLGNICRSPIAEAVFRKLVTDQNISDNWVIDSGAVSDWNVGRSPDPRAVSCLRNHGINTAHKARQVTKEDFVTFDYILCMDESNLRDLNRKSNQVKNCRAKIELLGSYDPQKQLIIEDPYYGNDADFETVYQQCVRCCRAFLEKVR
cb513_265,KPLDQLAKTLATVPELNEIIGQELVDEFISGIKLPAEVGSQDDVNNRKLLQKVFGKLMNTDDDVIKQQTAKLLERTDREPQVFKDIDSRLPELIQRLNKQFPNDIGLFCGCLLL
cb513_264,GADRVTEIDRLLEQKPRLTADQAWDVIRQTSRQDLNLRLFLPTLQAATSGLTQSDPRRQLVETLTRWDGINLLNDDGKTWQQPGSAILNVWLTSMLKRTVVAAVPMPFDKWYSASGYETTQDGPTGSLNISVGAKILYEAVQGDKSPIPQAVDLFAGKPQQEVVLAALEDTWETLSKRYGNNVSNWKTPAM
cb513_263,KLRITEAVCRGAVETAEKLDAPLIVVATQGGKSARAVRKYFPDATILALTTNEKTAHQLVLSKGVVPQLVKEITSTDDFYRLGKELALQSGLAHKGDVVVMVSGALVPSGTTNTASVHVL
cb513_262,PEIRMVAVTYEGFTTDLSVGNTVLVDDGLIGMEVTAIEGNKVICKVLNNGDLGENKGVNLPGVSIALP
cb513_261,ENKVCGLTRGQDAKAAYDAGAIYGGLIFVATSPRCVNVEQAQEVMAAAPLQYVGVFRNHDIADVVDKAKVLSLAAVQLHGNEEQLYIDTLREALPAHVAIWKALSVGETLPAREFQHVDKYVLDNGQGGSGQRFDWSLLNGQSLGNVLLAGGLGADNCVEAAQTGCAGLDFNSAVESQPGIKDARLLASVF
cb513_260,MTYKLILNGKTLKGETTTEAVDAATAEKVFKQYANDNGVDGEWTYDDATKTFTVTE
cb513_259,AEGYQYRALYDYKKEREEDIDLHLGDILTVNKGSLVALGFSDGQEARPEEIGWLNGYNETTGERGDFPGTYVEYIGRKKISPP
cb513_258,TIAIVIGTHGWAAEQLLKTAEMLLGEQENVGWIDFVPGENAETLIEKYNAQLAKLDTTKGVLFLVDTWGGSPFNAASRIVVDKEHYEVIAGVNIPMLVETLMARDDDPSFDELVALAVETGREGVKALK
cb513_257,GSKPRIATPEIENRIEEYKRSSPGMFSWEIREKLIREGVCDRSTAPSVSAISRLV
cb513_256,HHETALRVTAERAMNTRLEGGCQVPIGSYAELIDGEIWLRALVGAPDGSQIIRGERRGAPQDAEQMGISLAEELLNNGAREILAEVY
cb513_255,SFVKDFKPQALGDTNLFKPIKIGNNELLHRAVIPPLTRMRALHPGNIPNRDWAVEYYTQRAQRPGTMIITEGAFISPQAGGYDNAPGVWSEEQMVEWTKIFNAIHEKKSFVWVQLWVLGWAAFPDNLARDGLRYDSASDNVFMDAEQEAKAKKANNPQHSLTKDEIKQYIKEYVQAAKNSIAAGADGVEIHSANGYLLNQFLDPHSNTRTDEYGGSIENRARFTLEVVDALVEAIGHEKVGLRLSPYGVFNSMSGGAETGIVAQYAYVAGELEKRAKAGKRLAFVHLVEPRVTNPFLTEGEGEYEGGSNDFVYSIWKGPVIRAGNFALHPEVVREEVKDKRTLIGYGRFFISNPDLVDRLEKGLPLNKYDRDTFYQMSAHGYIDYPTYEEALKLGWDKK
cb513_254,GVVLAVNIPGLKSGELVLDGKTLGDIYLGKIKKWDDEAIAKLNPGLKLPSQNIAVVRRADGSGDSFVFTSYLAKVNEEWKNNVGTGSTVKWPIGLGGKGNDGIAAFVQRLPGAIGYVEYAYAKQNNLAYTKLISADGKPVSPTEENFANAAKGADWSKTFAQDLTNQKGEDAWPIT
cb513_253,CEREDPRDAFVSNNYDSLDALPAGSIVGTSSLRRQCQLAERRPDLIIRSLRGNVGTRLSKLDNGEYDAIILAVAGLKRLGLESRIRAALPPEISLPAVGQGA
cb513_252,LPDLAEQFAPPDIAPPLLIKLVEAIEKKGLECSTLYRTQSSSNLAELRQLLDCDTPSVDLEMIDVHVLADAFKRYLLDLPNPVIPAAVYSEMISLAPEVQSSEEYIQLLKKLIRSPSIPHQYWLTLQYLLKHFFKLSQTSSKNLLNARVLSEIFSPMLFRFSAASSDNTENLIKVIEILISTEWNERQPAPALPP
cb513_251,ENIEVHMLNKGAEGAMVFEPAYIKANPGDTVTFIPVDKGHNVESIKDMIPEGAEKFKSKINENYVLTVTQPGAYLVKCTPHYAMGMIALIAVGDSPANLDQIVSAKKPKIVQERLEKVIA
cb513_250,GNILDPEYRLAYYREDVGINAHHWHWHLVYPSTWNPKYFGKKKDRKGELFYYMHQQMCARYDCERLSNGMHRMLPFNNFDEPLAGYAPHLTHVASGKYYSPRPDGLKLRDLGDIEISEMVRMRERILDSIHLGYVISEDGSHKTLDELHGTDILGALVESSYESVNHEYYGNLHNWGHVTMARIHDPDGRFHEEPGVMSDTSTSLRDPIFYNWHRFIDNIFHEYKNTL
cb513_249,LAAVSVDCSEYPKPACPKDYRPVCGSDNKTYSNKCNFCNAVVESNGTLTLNHFGKC
cb513_248,SYYAVAVVKKGTDFMIKDLRGKTSCHTGLGRSAGWNIPIGTLIHREDIEWEGIESGSVEQAVAKFFSASCVPGATIEQKLCRQCKGDAKTKCLRNAPYSGYSGAFQCLKDGKGDVAFVKHTTVQENAPEEKDEYELLCLDGSRQPVDSYKTCNWARVAA
cb513_247,PHFIVECSDNIREEADLPGLFAKVNPTLAATGIFPLAGIRSRVHWVDTWQMADGQHDYAFVHMTLKIGAGRSLESRQQAGEMLFELIKTHFAALMESRLLALSFEIEELHPTLNFKQNNVHALFK
cb513_246,TDKLTSLRQYTTVVADTGDIAAMKLYQPQDATTNPSLILNAAQIPEYRKLIDDAVAWAKQQSNDRAQQIVDATDKLAVNIGLEILKLVPGRISTEVDARLSYDTEASIAKAKRLIKLYNDAGISNDRILIKLASTWQGIRAAEQLEKEGINCNLTLLFSFAQARACAEAGVFLISPFVGRILDWYKANTDKKEYAPAEDPGVVSVSEIYQYYKEHGYETVVMGASFRNIGEILELAGCDRLTIAPALLKELAESEGAIERKLSYTGEVKARPARITESEFLWQHNQDPMAVDKLAEGIRKFAIDQEKLEKMIGDLL
cb513_245,PAVKPMQIIEPEGKNYTITGDMIHWRNWDFHLSMNSRVGPMISTVTYNDNGTKRKVMYEGSLGGMIVPYGDPDIGWYFKAYLDSGDYGMGTLTSPIARGKDAPSNAVLLNETIADYTGVPMEIPRAIAVFERYAGPEYKHQEMGQPNVSTERRELVVRWISTVGNDYIFDWIFHENGTIGIDAGATGIEAVKGVKAKTMHDETAKDDTRYGTLIDHNIVGTTHQHIYNFRLDLDVDGENNSLVAMDPVVKPNTAGGPRTSTMQVNQYNIGNEQDAAQKFDPGTIRLLSNPNKENRMGNPVSYQIIPYAGGTHPVAKGAQFAPDEWIYHRLSFMDKQLWVTRYHPGERFPEGKYPNRSTHDTGLGQYSKDNESLDNTDAVVWMTTGTTHVARAEEWPIMPTEWVHTLLKPWNFFDETPTLGALKKDK
cb513_244,MVLLDDFASVQNIINNSEEFAAAVKKRGITDAKKVITTPLTVGYFDGKDGLKQDARLLKVISYLDVGDGNYWAHPIENLVAVVDLEQKKIVKIEEGPVVPVPMTARPFDGRDRVA
cb513_243,FQVEKRPHPLNALTADEIKQAVEIVKASADFKPNTRFTEISLLPPDKEAVWAFALENKPVDQPRKADVIMLDGKHIIEAVVDLQNNKLLSWQPIKDAHG
cb513_242,AHMVPMDKTLKEFGADVQWDDYAQLFTLIKDGAYVKVKPGAQTAIVNGQPLALQVPVVMKDNKAWVSDTFINDVFQSGLDQT
cb513_241,RVANCDIEVTGDKFPDPMKAEYEIDAITHYDSIDDRFYVFDLLNSMYGSVSKWDAKLAAKLDCEGGDEVPQEILDRVIYMPFDNERDMLMEYINLWEQKRPAIFTGWNIEGFDVPYIMNRVKMILGERSMKRFSPIGRVKSKLSKEIYSIDGVSILDYLDLYKKFAFTNLPSFSLESVAQHETKKGKLPYDGPINKLRETNHQRYISYNIIDVESVQAIDKIRGF
cb513_240,PVLDAKTAALKRRSIRRYRKDPVPEGLLREILEAALRAPSAWNLQPWRIVVVRDPATKRALREAAFGQAHVEEAPVVLVLYADLEDALAHLDEVIHPGVQGERREAQKQAIQRAFAAMGQEARKAWASGQSYILLGYLLLLLEAYGLGSVPMLGFDPERVRAILGLPSRAAIPALVALGYPAEEGYPSHRLPLERVVLWR
cb513_239,TLHDKQIRICHLFEQLSSATVHSDRLKNVGKLQPGAIFSCFHPDHLEEARHLYEVFWEAGDFNDFIEIAKEARTFVNEGLFAFAAEVAVLHRDDCKGLYVPPVQEIF
cb513_238,AIERTLSIIKPDGLEKGVIGKIISRFEEKGLKPVAIRLQHLSQAQAEGFYAVHKARPFFKDLVQFMISGPVVLMVLEGENAVLANRDIMGATNPAQAAEGTIRKDFATSIDKNTVHGSDSLENAKIEIAYFFRETEIHSYPYQ
cb513_237,PTAAAIAYGLDKKVGAERNVLIFDLGGGTFDVSILTIEDGIFEVKSTAGDTHLGGEDFDNRMVNHFIAEFKRKHKKDISENKRAVRRLRTACERAKRTLSSSTQASIEIDSLYEGIDFYTSITRARFEELNADLFRGTLDPVEKALRDAKLDKSQIHDIVLVGGSTRIPKIQKLLQDFFNGKELNKSINP
cb513_236,MTKWNYGVFFLNFYHVGQQEPSLTMSNALETLRIIDEDTSIYDVVAFSEHHIDKSYNDETKLAPFVSLGKQIHVLATSPETVVKAAKYGMPLLFKWDDSQQKRIELLNHYQAAAAKFNVDIANVRHRLMLFVNVNDNPTQAKAELSIYLEDYLSYTQAETSIDEIINSNAAGNFDTCLHHVAEMAQGLNNKVDFLFCFESMKDQENKKSLMINFDKRVINYRKEHNLN
cb513_235,GKFAIRPDKKSSPVIKTVKSVGMIAGGTGITPMLQVIRAIMKDPDDHTVCHLLFANQTEKDILLRPELEELRNEHSARFKLWYTVDRAPEAWDYSQGFVNEEMIRDHLPPPEEEPLVLMCGPPPMIQYACLPNLERVGHPKERCFAF
cb513_234,PAITLENPDIKYPLRLIDKEVVNHDTRRFRFALPSPEHILGLPVGQHIYLSARIDGNLVIRPYTPVSSDDDKGFVDLVIKVYFKDTHPKFPAGGKMSQYLESMKIGDTIEFRGPNGLLVYQGK
cb513_233,DWVIPPINLPENSRGPFPQELVRIRSGRDKNLSLRYSVTGPGADQPPTGIFIINPISGQLSVTKPLDRELIARFHLRAHAVDINGNQVENPIDIVINVI
cb513_232,KRRIGYGNRPAVIHIDLANAWTQPGHPFSCPGMETIIPNVQRINEAARAKGVPVFYTTNVYRNRDASSGTNDMGLWYSKIPTETLPADSYWAQIDDRIAPADGEVVIEKNRASAFPGTNLELFLTSNRIDTLIVTGATAAGCVRHTVEDAIAKGFRPIIPRETIGDRVPGVVQWNLYDIDNKFGDVESTDSVVQYLDALPQFEDTVPKTLSDPQ
cb513_199,ALEEAPWPPPEGAFVGFVLSRKEPMWADLLALAAARGGRVHRAPEPYKALRDLKEARGLLAKDLSVLALREGLGLPPGDDPMLLAYLLDPSNTTPEGVARRYGGEWTEEAGERAALSERLFANLWGRLEGEERLLWLYREVERPLSAVLAHME
cb513_231,PKPIFREYIGVKPNSTTLHDFPTEIINTETLEFHYILGFAIESYYESGKGTGTFEESWDVELFGPEKVKNLKRRHPEVKVVISIGGRGVNTPFDPAEENVWVSNAKESLKLIIQKYSDDSGNLIDGIDIHYEHIRSDEPFATLMGQLITELKKDDDLNINVVSIAPSENNSSHYQKLYNAKKDYINWVDYQFSNQQKPVSTDDAFVEIFKSLEKDYHPHKVLPGFSTDPLDTKHNKITRDIFIGGCTRLVQTFSLPGVFFWNANDSVIPKRDGDKPFIVELTLQQLLAA
cb513_198,AQAFVNSKIQPGKVVVFIKPTCPFCRKTQELLSQLPFKEGLLEFVDITATSDTNEIQDYLQQLTGARTVPRVFIGKECIGGCTDLESMHKRGELLTRLQQVGAVK
cb513_230,NLRGVMAALLTPFDQQQALDKASLRRLVQFNIQQGIDGLYVGGSTGEAFVQSLSEREQVLEIVAEEGKGKIKLIAHVGCVTTAESQQLAASAKRYGFDAVSAVTPFYYPFSFEEHCDHYRAIIDSADGLPMVVYNIPALSGVKLTLDQINTLVTLPGVGALKQTSGDLYQMEQIRREHPDLVLYNGYDEIFASGLLAGADGGIGSTYNIMGWRYQGIVKALKEGDIQTAQKLQTECNKVIDLLIKTGVFRGLKTVLHYMDVVSVPLCRKPFGPVDEKYQPELKALAQQLMQ
cb513_197,NTGRATCRVVVENHGDRPIQVGSHYHFAEVNPALKFDRQQAAGYRLNIPAGTAVRFEPGQKREVELVAFAGHRAVFGFRGEVMGPL
cb513_196,MELTPREKDKLLLFTAALVAERRLARGLKLNYPESVALISAFIMEGARDGKSVASLMEEGRHVLTREQVMEGVPEMIPDIQVEATFPDGSKLVTVHNPII
cb513_195,LGINCRGSSQCGLSGGNLMVRIRDQACGNQGQTWCPGERRAKVCGTGNSISAYVQSTNNCISGTEACRHLTNLVNHGCRVCGSDPLYAGNDVSRGQLTVNYVNSC
cb513_194,NDKLTLWTTPAPSPNCRLNAEKDAKLTLVLTKCGSQILATVSVLAVKGSLAPISGTVQSAHLIIRFDENGVLLNNSFLDPEYWNFRNGDLTEGTAYTNAVGFMPNLSAYPKSHGKTAKSNIVSQVYLNGDKTKPVTLTITLNGTQETGDTTPSAYSMSFSWDWSGHNYINEIFATSSYTFSYIAQE
cb513_193,MPTLLRVYIDGPHGMGKTTTTQLLVALGDIVYVPEPMTYWRVLGASETIANIYTTQHRLDQGEISAGDAAVVMTSAQITMGMPYAVTDAVLAPHIGGEAGSSAPPPALTLIFDRHPIAALLCYPAARYLMGSMTPQAVLAFVALIPPTLPGTNIVLGALPEDRHIDRLAKRQRPGERLDLAMLAAIRRVYGLLANTVRYLQCGGSWREDWGQLSAGPRPHIGDTLFTLFRAPELLAPNGDLYNVFAWALDVLAKRLRSMHVFILDYDQSPAGCRDALLQLTSGMVQTHVTTPGSIPTICDLARTFAREMGE
cb513_192,YIKGIYFDLYGTLFDVHSVVGRCDEYFPGRGREISYLWRQKQLEYTWLRSLMNRYVNFQQYTEDYLRFTCRHLGLDLDYRTRSTLCDYYLRLYPFSEVPDSLRELKRRGLKLYILSNGSPQSIDYVVSHYGLRDGFDHLLSVDPVQVYKPDNRVYELYEQYLGLDRSYILFVSSNYWDYTGYRYFGFPTCWINRTGNVFEEMGQTPDWEVTSLRYVVELF
cb513_191,AGGEPTGKVAEAIAASFGSFADFKAQFTDAAIKNFGSGWTWLVKNSDGKLAIVSTSNAGTPLTTDATPLLTVDVWEHAYYIDYRNARPGYLEHFWALVNWEFVAKNLAA
cb513_190,GTNAAMRKAFNYQDTAKNGKKCSGCAQFVPGASPTAAGGCKVIPGDNQIAPGGYCDAFIVKK
cb513_229,PPGDINTQPSQKIVFNAPYDDKHTYHIKITNAGGRRIGWAIKTTNMRRLSVDPPCGVLDPKEKVLMAVSCDTFNAATEDLNNDRITIEWTNTPDGAAKQFRREWFQGDGMVRRKNLPIEYNL
cb513_228,KSCCSCCPVGCAKCSQGCICKEASDKCSCCA
cb513_227,AYTTFSATKNDQLKEPMFFGQPVQVARYDQQKYDIFEKLIEKQLSFFWRPEEVDVSRDRIDYQALPEHEKHIFISNLKYQTLLDSIQGRSPNVALLPLISIPELETWVETWAFSETIHSRSYTHIIRNIVNDPSVVFDDIVTNEQIQKRAEGISSYYDELIEMTSYWHLLGEGTHTVNGKTVTVSLRELKKKLYLCLMSVNALEAIRFYVSFACSFAFAERELMEGNAKIIRLIARDEALHLTGTQHMLNLLRSGADDPEMAEIAEECKQECYDLFVQAAQQEKDWADYLFRDGSMIGLNKDILCQYVEYITNIRMQAVGLDLPFNTRSNPIPWINTWLV
cb513_226,DLREVEKSISNLEKSLTSLSEVVLQNRRGLDLLFLKEGGLCAALKEECAFYAD
cb513_225,TPLVKLLGANARPVQAYDSHSLDGVKLATERAVTAAELGFRAVKTKIGYPALDQDLAVVRSIRQAVGDDFGIMVDYNQSLDVPAAIKRSQALQQEGVTWIEEPTLQHDYEGHQRIQSKLNVPVQMGENWLGPEEMFKALSIGACRLAMPDAMKIGGVTGWIRASALAQQFGIPMSSHLFQEISAHLLAATPTAHWLERLDLAGSVIEPTLTFEGGNAVIPDLPGVGII
cb513_224,LGIHSNDTRDAWVNKIAHVNTLEKAAEMLKQFRMDHTTPFRNSYELDNDYLWIEAKLEEKVAVLKARAFNEVDFRHKTAFGEDAKSVLDGTVAKMNAAKDKWEAEKIHIGFRQAYKPPIMPVNYFLDGERQLGTRLMELRNLNYYDTPLEELRKQRGVRVVH
cb513_223,GTGAMAAIIGLDDASIAKACEEAAEGQVVSPVNFNSPGQVVIAGHKEAVERAGAACKAAGAKRALPLPVS
cb513_222,SGKMTGIVKWFNADKGFGFITPDDGSKDVFVHFSAIQNDGYKSLDEGQKVSFTIESGAKGPAAGNVTSL
cb513_189,SFELPALPYAKDALAPHISAETIEYHYGKHHQTYVTNLNNLIKGTAFEGKSLEEIIRSSEGGVFNNAAQVWNHTFYWNCLAPN
cb513_221,RPAYSPGHKTQPFLHDGYAVSWNTVEDSIIRTGFQGESGHDIKITAENTPLPIAGVLLPTIPGKLDVNKSKTHISVNGRKIRMRCRAIDGDVTFCRPKSPVYVGNGVHANLHVAFHRSSSEKIHSNEISSDSIGVLGYQKTVDHTKVNSKLSLFFEIKS
cb513_188,AHGDLKSYLRSLRPEAENNPGRPPPTLQEMIQMAAEIADGMAYLNAKKFVHRDLAARNCMVAHDFTVKIGDFGMTRDIYETDYYRKGGKGLLPVRWMAPESLKDGVFTTSSDMWSFGVVLWEITSLAEQPYQGLSNEQVLKFVMDGGYLDQPDNCPERVTDLMRMCWQFNPKMRPTFLEIVNLLKDDLHPSFPEVSFFHSEENK
cb513_220,SCINLDWDVIRDKTKTKIESLKEHGPIKNKMSESPNKTVSEEKAKQYLEEFHQTALEHPELSELKTVTGTNPVFAGANYAAWAVNVAQVIDSETADNLEKTTAALSILPGIGSVMGIADGAVHHNTEEIVAQSIALSSLMVAQAIPLVGELVDIGFAAYNFVESIINLFQVVHNSYN
cb513_187,SSVFVPDEWEVSREKITLLRELGQGSFGMVYEGNARDIIKGEAETRVAVKTVNESASLRERIEFLNEASVMKGFTCHHVVRLLGVVSKGQPTLVVMELM
cb513_186,QGTQNPSSEGSCRFSVVISTSEKETIKGALSHVCGERIFRAAGAGYKSLCVILGLADIYIFSEDTTFKWDSCAAHAILRAMGGGMVDLKECLERNPDTGLDLPQLVYHVGNEGAAGVDQWANKGGLIAYRSEKQLETFLSRLLQHLAPVATHT
cb513_185,MSDILQELLRVSEKAANIARACRQQETLFQLLIEEKKEGEKNKKFAVDFKTLADVLVQEVIKENMENKFPGLGKKIFGEESNELTNDLGEKIIMRLGPTEEETVALLSKVLNGNKLASEALAKVVHQDVFFSDPALDSVEINIPQDILGIWVDPIDSTYQYIKGSADITPNQGIFPSGLQCVTVLIGVYDIQTGVPLMGVINQPFVSQDLHTRRWKGQCYWGLSYLGTNIHSLLPPVSTRSNSEAQS
cb513_184,NKSKAVEQVKNAFNKLQEKGIYKAMSEFDIFINYIEAYMTMKIRN
cb513_183,NSCTHFPGNLPNMLRDLRDAFSRVKTFFQMKDQLDNLLLKESLLEDFKGYLGCQALSEMIQFYLEEVMPQAENQDPDIKAHVNSLGENLKTLRLRLRRCHRFLPCE
cb513_182,AKELRCQCIKTYSKPFHPKFIKELRVIESGPHCANTEIIVKLSDGRELCLDPKENWVQRVVEKFLKRAENS
cb513_181,FSADEDYTLAIAVKKQFYRDLFQIDPDTGRSLIRTQSRRGPIAREFFKHFAEEHAAHTENAWRDRFRKFLLAYGIDDYISYYEAEEPMKNLT
cb513_180,PSCPDLSICLNILGGSLGTVDDCCALIGGLGDIEAIVCLCIQLRALGILNLNRNLQLILNSCGRSYPSNATCPRT
cb513_219,GADDVVDSSKSFVMENFSSYHGTKPGYVDSIQKGIQKPKSGTQGNYDDDWKGFYSTDNKYDAAGYSVDNENPLSGKAGGVVKVTYPGLTKVLALKVDNAETIKKELGLSLTEPLMEQVGTEEFIKRFGDGASRVVLSLPFAEGSSSVEYINNWEQAKALSVELEINFETRGKRGQDAMYEYMAQACA
cb513_218,QDNDIQACDYWRHCSIAGNICDCSAGSLTSCPPGTLVASGSWVGSCYNPPDPNKYITAYRDCCGYNVSGRCACLNTEGELPVYNKDANDIIWCFGGEDGMTYHCSISPVSGA
cb513_217,PGAISRRSHITLPAYFAGTTENWVSCAGCGVTLGHSLGAFLSLAVAGHSGSDFALASTSFARSAKGKRTDYVEVFDPVTFLPIADIELPDAPRFSVGPRVHIIGNCASSACLLFFLFGSSAAAGLSVPGASDDQLTKSASCFHIHPGAAATHYLGSCPASLAASDLAAAPAAAGIVGAQCTGAQNCSSQAAQANYPGMLVWAVASSILQGDIPAAGATMKAAIDGNESGRKADNFRSAGFQMVAKLKNTDGIMILTVEHSRSCLAAAENTSSVTASVGQTSGPISNGHDSDAIIAAQDGASDNYANSAGTEVLDIYDAASDQDQSSVELDKGPESLSVQNEA
cb513_216,RICPRIWMECTRDSDCMAKCICVAGHCG
cb513_215,GQRWELALGRFWDYLRWVQTLSEQVQEELLSSQVTQELRALMDETMKELKAYKSELEEQLTPVAEETRARLSKELQAAQARLGADMEDVCGRLVQYRGEVQAMLGQSTEELRVRLASHLRKLRKRLLRDADDLQKRLAVYQAGA
cb513_214,AKKIILDCDPGLDDAVAILLAHGNPEIELLAITTVVGNQTLAKVTRNAQLVADIAGITGVPIAAGCDKPLVRKIMTKNKVDERHAVNLIIDLVMSHEPKTITLVPTGGLTNIAMAARLEPRIVDRVKEVVLMGGGYHEGNATSVAEFNIIIDPEAAHIVFNESWQVTMVGLDLTHQALATPPILQRVKEVDTNPARFMLEIMDYYTKIYQSNRYMAAAAVHDPCAVAYVIDPSVMTTERVPVDIELTGKLTLGMTVADFRNPRPEHCHTQVAVKLDFEKFWGLVLDALERIGDPQ
cb513_213,GLQDDPDLQALLKGSQLLKVKSSSWRRERFYKLQEDCKTIWQESRKVMRSPESQLFSIEDIQEVRMGHRTEGLEKFARDIPEDRCFSIVFKDQRNTLDLIAPSPADAQHWVQGLRKIIH
cb513_212,GIIINLDEGELCLNSAQCKSNCCQHDTILSLSRCALKARENSECSAFTLYGVYYKCPCERGLTCEGDKSLVGSITNTNFGICHNV
cb513_179,ESTRCDPDLVLSAMVSDNHGATYVFSGSHYWRLDTNRDGWHSWPIAHQWPQGPSTVDAAFSWEDKLYLIQDTKVYVFLTKGGYTLVNGYPKRLEKELGSPPVISLEAVDAAFVCPGSSRLHIMAGRRLWWLDLKSGAQATWTELPWPHEKVDGALCMEKPLGPNSCSTSGPNLYLIHGPNLYCYRHVDKLNAAKNLPQPQRVSRLLGCTH
cb513_211,PLTQEQLEDARRLKAIYEKKKNELGLSQESVADKMGMGQSGVGALFNGINALNAYNAALLAKILKVSVEEFSPSIAREIYEMYEAVS
cb513_178,GGIAIYWGQNGNEGTLTQTCSTRKYSYVNIAFLNKFGNGQTPQINLAGHCNPAAGGCTIVSNGIRSCQIQGIKVMLSLGGGIGSYTLASQADAKNVADYLWNNFLGGKSSSRPLGDAVLDGIDFDIEHGSTLYWDDLARYLSAYSKQGKKVYLTAAPQCPFPDRYLGTALNTGLFDYVWVQFYNNPPCQYSSGNINNIINSWNRWTTSINAGKIFLGLPAAPEAAGSGYVPPDVLISRILPEIKKSPKYGGVMLWSKFYDDKNGYSSSILDSV
cb513_210,NATCAIRHPCHGNLMNQIKNQLAQLNGSANALFISYYTAQGEPFPNNVEKLCAPNMTDFPSFHGNGTEKTKLVELYRMVAYLSASLTNITRDQKVLNPTAVSLQVKLNATIDVMRGLLSNVLCRLCNKYRVGHVDVPPVPDHSDKEAFQRKKLGCQLLGTYKQVISVVVQAF
cb513_177,AASERKALQTEMARIKKWLTFSLG
cb513_176,AVVKVPLKKFKSIRETMKEKGLLGEFLRTHKYDPAWKYRFGDL
cb513_175,DSRLVVAKNSDIQPTVASLKGKRVGVLQGTTQETFGNEHWAPKGIEIVSYQGQDNIYSDLTAGRIDAAFQDEVAASEGFLKQPVGKDYKFGGPAVKDEKLFG
cb513_174,WRYRVDVTLSGKKVTGHVLVSLFGNKGNSRQYEIFQGTLKPDNTYSNEFDSDVEVGDLEKVKFIWYNNVINLTLPKVGASKITVERNDGSVFNFCSEETVREDVLLTLTAC
cb513_173,NEVCYERLGCFSDDSPWAGIVERPLKILPSPEKVNTRFLLYTNENPDNFQEIVADPSTIQSSNFNTGRKTRFIIHGFIDKGEESWLSTMCQNMFKVESVNCICVDWKSGSRTAYSQASQNVRIVGAEVAYLVGVLQSSFDYSPSNVHIIGHSLGSHAAGEAGRRTNGAVGRITGLDPAEPCFQGTPELVRLDPSDAQFVDVIHTDIAPFIPNLGFGMSQTAGHLDFFPNGGKEMPGCQKNVLSQIVDIDGIWQGTRDFAACNHLRSYKYYTDSILNPDGFAGFSCASYSDFTANKCFPCSSEGCPQMGHYADRFPGRTKGVGQLFYLNTGDASNFAR
cb513_172,MRLIPLTTAEQVGKWAARHIVNRINAFKPTADRPFVLGLPTGGTPMTTYKALVEMHKAGQVSFKHVVTFNMDEYVGLPKEHPESYYSFMHRNFFDHVDIPAENINLLNGNAPDIDAECRQYEEKIRSYGKIHLFMGGVGNDGHIAFNEPASSLASRTRIKTLTHDTRVANSRFFDNDVNQVPKYALTVGVGTLLDAEEVMILVLGSQKALALQAAVEGCVNHMWTISCLQLHPKAIMVCDEPSTMELKVKTLRYFNELEAENIKGL
cb513_171,RVSKPKISWTCINTTLTCEVMNGTDPELNLYQDGKHLKLSQRVITHKWTTSLSAKFKCTAGNKVSKESSVEPVSCPEK
cb513_170,ELNTFVKDLLLPDSEVEHLVIDRKDLVMTNQEIEQTTPKTVRLGIVGKGGQGERIYSTRGIAITLSAYGGGIFAKTGGYLVNGKTRKLHPRECARVMG
cb513_209,HYVEPKFLNKAFEVALKVQIIAGFDRGLVKWLRVHGRTLSTVQKKALYFVNRRYMQTHWANYMLWINKKIDALGRTPVVGDYTRLGAEIGRRIDMAYFYDFLKDKNMIPKYLPYMEEINRMRPADVPVKYM
cb513_208,CDAFVGTWKLVSSENFDDYMKEVGVGFATRKVAGMAKPNMIISVNGDLVTIRSESTFKNTEISFKLGVEFDEITADDRKVKSIITLDGGALVQVQKWDGKSTTIKRKRDGDKLVVECVMKGVTSTRVYERA
cb513_207,ISPAFGSSGNPSPVTAYGVYRGMKAAAKEAFGSDSLEGLAVSVQGLGNVAKALCKKLNTEGAKLVVTDVNKAAVSAAVAEEGADAVAPNAIYGVTCDIFAPCALGAVLNDFTIPQLKAKVIAGSADNQLKDPRHGKYLHELGIVYAPDYVINAGGVINVADELYGYNRTRAMKRVDGIYDSIEKIFAISKRDGVPSYVAADRMAEERIAKVAKARSQFLQDQRNILNGR
cb513_206,PVNFTYAELNRCNSDWSGGKVSAATARANALVTMWKLQAMRHAMGDKPITVNGGFRSVTCNSNVGGASNSRHMYGHAADLGAGSQGFCALAQAARNHGFTEILGPGYPGHNDHTHVAGGDGRFWSAPSCGI
cb513_205,DGCYTWSGTLSEGSSGEAVRQLQIRVAGYPGTGAQLAIDGQFGPATKAAVQRFQSAYGLAADGIAGPATFNKIYQLQDDDCT
cb513_204,AKQRESTDAIFVHCSATKPSQNVGVREIRQWHKEQGWLDVGYHFIIKRDGTVEAGRDEMAVGSHAKGYNHNSIGVCLVGGIDDKGKFDANFTPAQMQSLRSLLVTLLAKYEGAVLRAHHEVAPKACPSFDLKRWWEKNELVTSDRG
cb513_203,ARPCLVCSDEASGCHYGVLTCEGCKAFFKRAVEGQHNYLCKYEGKCIIDKIRRKNCPACRYRKCLQAGMNLEAR
cb513_202,TKGLVLGIYSKEDEPQFTSAGENFNKLVSGKLREILNISGPPLKAGKTRTFYGLHEDFPSVVVVGLGKKTAGIDEQENWHEGKENIRAAVAAGCRQIQDLEIPSVEVDPCGDAQAAAEGAVLGLYEYDDLKQKRKVVVSAKLHGSEDQEAWQRGVLFASGQNLARRLMETPANEMTPTKFAEIVEENLKSASIKTDVFIRPKSWIEEQEMGSFLSVAKGSEEPPVFLEIHYKGSPNASEPPLVFVGKGITFDSGGISIKAAANMDLMRADMGGAATICSAIVSAAKLDLPINIVGLAPLCENMPSGKANKPGDVVRARNGKTIQVDNTDAEGRLILADALCYAHTFNPKVIINAATLTGAMDIALGSGATGVFTNSSWLWNKLFEASIETGDRVWRMPLFEHYTRQVIDCQLADVNNIGKYRSAGACTAAAFLKEFVTHPKWAHLDIAGVMTNKDEVPYLRKGMAGRPTRTLIEFLFRFSQ
cb513_169,TNALETWGALGQDINLDIPSFQMSDDIDDIKWEKTSDKKKIAQFRKEKETFKEKDTYKLFKNGTLKIKHLKTDDQDIYKVSIYDTKGKNVLEKIFDLKIQE
cb513_201,MNIFEMLRIDEGLRLKIYKDTEGYYTIGIGHLLTKSPSLNAAKSELDKAIGRNCNGVITKDEAEKLFNQDVDAAVRGILRNAKLKPVYDSLDAVRRCALINMVFQMGETGVAGFTNSLRMLQQKRWDEAAVNLAKSRWYNQTANRAKRVITTFRTGTWDAYKNL
cb513_168,SPGVVISDDEPGYDLDLFCIPNHYAEDLERVFIPHGLIMDRTERLARDVMKEMGGHHIVALCVLKGGYKFFADLLDYIKALNRNSDRSIPMTVDFIRLKSYSTGDIKVIGGDDSTLTGKNVLIVEDIIDTGKTMQTLLSLVRQYNPKMVKVASLLVKRTPRSVGYKPDFVGFEIPDKFVVGYALDYNEYFRDLNHVCVISETGKAKYKA
cb513_200,TVTVTYDPSNAPSFQQEIANAAQIWNSSVRNVQLRAGGNADFSYYEGNDSRGSYAQTDGHGRGYIFLDYQQNQQYDSTRVTAHETGHVLGLPDHYQGPCSELMSGGGPGPSCTNPYPNAQERSRVNALWANG
cb513_167,AIILGIDPGSRVTGYGVIRQVGRQLSYLGSGCIRTKVDDLPSRLKLIYAGVTEIITQFQPDYFAIEQVFMAKNADSALKLGQARGVAIVAAVNQELPVFEYAARQVKQTVVGIGSAEKSQVQHMVRTLLKLPANPQADAADALAIAITHCHVSQNAMQ
cb513_166,VLSGGELDKWEKIRLRPGGKKQYKLKHIVWASRELERFAVNPGLLETSEGCRQILGQLQPSLQTGSEELRSLYNTIAVLYCVHQRIDVKDTKEALDKIEEEQN
cb513_165,SAPANAVAADNATAIALKYNQDATKSERVAAARPGLPPEEQHCADCQFMQADAAGATDEWKGCQLFPGKLINVNGWCASWTLKAG
cb513_164,GRPRAINKHEQEQISRLLEKGHPRQQLAIIFGIGVSTLYRYFPASSIKKRMN
cb513_163,CSLDNGDCDQFCHEEQNSVVCSCARGYTLADNGKACIPTGPYPCGKQTLER
cb513_162,VSGFLTGEQGLGHFVRCVPDSDKALAFYTDVLGFQLSDVIDMKMGPDVTVPAYFLHCNERHHTLAIAAFPLPKRIHHFMLEVASLDDVGFAFDRVDADGLITSTLGRHTNDHMVSFYASTPSGVEVEYGWSARTVDRSWVVVRHDSPSMWGHKSV
cb513_161,SIRSLGYMGFAVSDVAAWRSFLTQKLGLMEAGTTDNGDLFRIDSRAWRIAVQQGEVDDLAFAGYEVADAAGLAQMADKLKQAGIAVTTGDASLARRRGVTGLITFADPFGLPLEIYYGASEVFEKPFLPGAA
cb513_160,ASSVNELENWSKWMQPIPDSIPLARISIPGTHDSGTFKLQNPIKQVWGMTQEYDFRYQMDHGARIFDIRGRLTDDNTIVLHHGPLYLYVTLHEFINEAKQFLKDNPSETIIMSLKKEYEDMKGAEDSFSSTFEKKYFVDPIFLKTEGNIKLGDARGKIVLLKRYSGSNEPGGYNNFYWPDNETFTTTVNQNANVTVQDKYKVSYDEKVKSIKDTMDETMNNSEDLNHLYINFTSLSSGGTAWNSPYYYASYINPEIANYIKQKNPARVGWVIQDYINEKWSPLLYQEVIRANKSLI
cb513_159,LRRRARLSRLVSFSASHRLHSPSLSAEENLKVFGKCNNPNGHGHNYKVVVTIHGEIDPVTGMVMNLTDLKEYMEEAIMKPLDHKNLDLDVPYFADVVSTTENVAVYIWENLQRLLPVGALYKVKVYETDNNIVVYKGE
cb513_158,GWDTLKGKTIAIQGYGNAGYYLAKIMSEDFGMKVVAVSDSKGGIYNPDGLNADEVLKWKNEHGSVKDFPGATNITNEELLELEVDVLAPAAIEEVITKKNADNIKAKIVAEVANGPVTPEADEILFEKGILQIP
cb513_157,DVTKMPNNGRVIFGATVTVLNLDSDEEQTYRIVGDDEADFKQNLISVNSPIARGLIGKEEDDVVVIVEFEVIKVEYL
cb513_156,QAIPMTLRGAEKLREELDFLKSVRRPEIIAAIAEAREHGDLKENAEYHAAREQQGFCEGRIKDIEAKLSNAQVI
cb513_155,TPAKIIDDAVARIREQVGDDKVILGLSGGVDSSVTAMLLHRAIGKNLTCVFVDNGLLRLNEAEQVLDMFGDHFGLNIVHVPAEDRFLSALAGENDPEAKRKIIGRVFVEVFDEEALKLEDVKWLAQGTIYPDVIEMKMGLVEPLKELFKDEVRKIGLELGLPYDMLYRHPFPGPGLGV
cb513_154,ENIHKHRILILDFGSQYTQLVARRVRELGVYCELWAWDVTEAQIRDFNPSGIILSGGPESTTEENSPRAPQYVFEAGVPVFGVCYGMQTMAMQLGGHVEASNEREFGYAQVEVVNDSALVRGIEDALTADGKPLLDVWMSHGDKVTAIPSDFITVASTESCPFAIMANEEKRFYGVQFHPEVTHTRQGMRMLERFVRDICQCEALW
cb513_153,GFSSEDKGEWKLKLDNAGNGQAVIRFLPSKNDEQAPFAILVNHGFKKNGKWYIETCSSTHGDYDSCPVCQYISKNDLYNTDNKEYSLVKRKTSYWANILVVKDPAAPENEGKVFKYRFGKKIWDKINAMIAVDVEMGETPVDVTCPWEGANFVLKVKQVSGFSNYDESKFLNQSAIPNIDDESFQKELFEQMVDLSEMTSKDKFKSFEELNTKFGQVM
cb513_152,IQMRTRRTLRGHLAKIYAMHWGTDSRLLVSASQDGKLIIWDSYTTNKVHAIPLRSSWVMTCAYAPSGNYVACGGLDNICSIYNLKTREGNVRVSRELAGHTGYLSCCRFLDDNQIVTSSGDTTCALWDIETGQQTTTFTGHTGDVMSLSLAPDTRLFVSGACDASAKLWDVREGMCRQTFTGHESDINAICFFPNGNAFATGSDDATCRLFDLRADQELMTYSHDNIICGITSVSFSKSGRLLLAGYDDFNCNVWDALKADRAGVLAGHDNRVSCLGVTDDGMAVATGSWDSFLKIWN
cb513_151,LSAEDKAAVERSKMIDRNLREDGEKAAR
cb513_150,RTVYAFSARPLAGGEPFNLSSLRGKVLLIENVASLGTTVRDYTQMNDLQRRLGPRGLVVLGFPCNQFGHQENAKNEEILNCLKYVRPGGGFEPNFMLFEKCEVNGEKAHPLFAFLREVLPTPSDDATALMTDPKFITWSPVCRNDVSWNFEKFLVGPDGVPVRRYSRRFLTIDIEPDIETLLS
cb513_149,TRPKITRTSTQSVKVGGRITISTDSSISKASLIRYGTATHTVNTDQRRIPLTLTNNGGNSYSFQVPSDSGVALPGYWMLFVMNSAGVPSVASTIRVTQ
cb513_148,PQPGLGRWGPTIDLPIVPAAAAIEPTSGRVLMWSSYRNDAFGGSPGGITLTSSWDPSTGIVSDRTVTVTKHDMFCPGISMDGNGQIVVTGGNDAKKTSLYDSSSDSWIPGPDMQVARGYQSSATMSDGRVFTIGGSWSGGVFEKNGEVYSPSSKTWTSLPNAKVNPMLTADKQGLYRSDNHAWLFGWKKGSVFQAGPSTAMNWYYTSGSGDVKSAGKRQSNRGVAPDAMCGNAVMYDAVKGKILTFGGSPDYQDSDATTNAHIITLGEPGTSPNTVFASNGLYFARTFHTSVVLPDGSTFITGGQRRGIPFEDSTPVFTPEIYVPEQDTFYKQNPNSIVRVYHSISLLLPDGRVFNGGGGLCGDCTTNHFDAQIFTPNYLYNSNGNLA
cb513_147,VSSTTRTPRAGEVNGKDYNFVSVDEFKSMIKNNEFIEWAQFSGNYYGSTV
cb513_146,ASAPIGSAISRNNWAVTCDSAQSGNECNKAIDGNKDTFWHTFYGANGDPKPPHTYTIDMKTTQNVNGLSMLPRQDGNQNGWIGRHEVYLSSDGTNWGSPVASGSWFADSTTKYSNFETRPARYVRLVAITEANGQPWTSIAEINVFQASSYTA
cb513_145,VPSTETEALASNLMGMFEKRRFRKFLVFVANFDENDPKTFEGVDPQNTSMRDVYRKFDLGQDVIDFTGHALALYRTDDYLDQPCLETINRIKLYSES
cb513_144,DVSGTVCLSALPPEATDTLNLIASDGPFPYSQDGVVFQNRESVLPTQSYGYYHEYTVITPGARTRGTRRIICGEATQEDYYTGDHYATFSLIDQTC
cb513_143,YLFTEDYPVSEKAQRKLEEGLPLLKELYPRLRAQEEWTEAALEALLRGFAAEKGVKLGQVAQPLRAALTGSLETPGLFEILALLGKERALRRLERALA
cb513_142,SLEEVAERVKPFLREAGLSWESEAYLRRAVELMRPRFDTLKEFPEKAR
cb513_141,PDVAAPTGPYRQSERLPLYQKYAEELLKRGWAYRAFETPEELEQIRKEKGGYDGRARNIPPEEAEERARRGEPHVIRLKVPRPGTTEVKDELRGVVVYDNQEIPDVVLLKSDGYPT
cb513_140,IGVCYGVIGNNLPSRSDVVQLYRSKGINGMRIYFADGQALSALRNSGIGLILDIGNDQLANIAASTSNAASWVQNNVRPYYPAVNIKYIAAGNEVQGGATQSILPAMRNLNAALSAAGLGAIKVSTSIRFDEVANSFPPSAGVFKNAYMTDVARLLASTGAPLLANVYPYFAYRDNPGSISLNYATFQPGTTVRDQNNGLTYTSLFDAMVDAVYAALEKAGAPAVKVVVSESGWPSAGGFAASAGNARTYNQGLINHVGGGTPKKREALETYIFAMFNENQKTGDATERSFGLFNPDKSPAYNIQF
cb513_499,SWMEEVIKLCGRELVRAQIAICGMS
cb513_498,XLYSALANKCCHVGCTKRSLARFC
cb513_139,ASKGEELFTGVVPILVELDGDVNGHKFSVSGEGEGDATYGKLTLKFICTTGKLPVPWPTLVTTFSYGVQCFSRYPDHMKRHDFFKSAMPEGYVQERTIFFKDDGNYKTRAEVKFEGDTLVNRIELKGIDFKEDGNILGHKLEYNYNSHNVYIMADKQKNGIKVNFKIRHNIEDGSVQLADHYQQNTPIGDGPVLLPDNHYLSTQSALSKDPNEKRDHMVLLEFVTAAGIT
cb513_497,VVYTDCTESGQNLCLCEGSNVCGQGNKCILGSDGEKNQCVTGEGTPEPQ
cb513_138,AVTPQRENSMACVSFPTCPLAMAEAERFLPSFIDNIDNLMAKHGVSDEHIVMRVTGCPNGCGRAMLAEVGLVGKAPGRYNLHLGGNRIGTRIPRMYKENITEPEILASLDELIGRWAKEREAGEGFGDFTVRAGIIRPVLDPARDLWD
cb513_496,MISLIAALAVDRVIGPWNLPADLAWFKRNTLDKPVIMGRHTWESIGRPLPGRKNIILSSQPGTDDRVTWVKSVDEAIAACGDVPEIMVIGGGRVYEQFLPKAQKLYLTHIDAEVEGDTHFPDYEPDDWESVFSEFHDADAQNSHSYCFEILERR
cb513_137,TANDMNRNVLCTSNPYESQLHAEAYEWAKKISEHLLPRTEPILGQTYLPRKFKTTVVIPPQNDIDLHANDMNFVAIAENGKLVGFNLLVGGGLSIEHGNKKTYARTASEFGYLPLEHTLAVAEAVVTTQRDWGNRTDRKNAKTKYTLERVGVETFKAEVERRAGIKFEPIRPYEFTGRG
cb513_495,ASSTNLKDVLAALIPKEQARIKTFRQQHGGTALGQITVDMSYGGMRGMKGLVYETSVLDPDEGIRFRGFSIPECQKLLPKGGGGEPLPEGLFWLLVTGQIPTGAQVSWLSKEWAKRAALPSHVVTMLDNFPTNLHPMSQLSAAITALNSESNFARAYAEGILRTKYWEMVYESAMDLIAKLPCVAAKIYRNLYRAGSSIGAIDSKLDWSHNFTNMLGYTDAQFTELMRLYLTIHSDHEGGNVSAHTSHLVGSALSDPYLSFAAAMNGLAGPLHGLANQEVLGWLAQLQKAAGADASLRDYIWNTLNSGRVVPGYGHAVLRKTDPRYTCQREFALKHLPGDPMFKLVAQLYKIVPNVLLEQGAAANPWPNVDAHSGVLLQYYGMTEMNYYTVLFGVSRALGVLAQLIWSRALGFPLERPKSMSTDGLIAL
cb513_136,RMKQIEDKIEEILSKIYHIENEIARIKKLIGER
cb513_494,NLAPLPPHVPEHLVFDFDMYNPSNLSAGVQEAWAVLQESNVPDLVWTRCNGGHWIATRGQLIREAYEDYRHFSSECPFIPREAGEAYDFIPTSMDPPEQRQFRALANQVVGMPVVDKLENRIQELACSLIESLRPQGQCNFTEDYAEPFPIRIFMLLAGLPEEDIPHLKYLTDQMTRPDGSMTFAEAKEALYDYLIPIIEQRRQKPGTDAISIVANGQVNGRPITSDEAKRMCGLLLVGGLDTVVNFLSFSMEFLAKSPEHRQELIERPERIPAACEELLRRFSLVADGRILTSDYEFHGVQLKKGDQILLPQMLSGLDERENACPMHVDFSRQKVSHTTFGHGSHLCLGQHLARREIIVTLKEWLTRIPDFSIAPGAQIQHKSGIVSGVQALPLVWDPATTKAV
cb513_135,GALTESQAALVKSSWEEFNANIPKHTHRFFILVLEIAPAAKDLFSFLKGTSEVPQNNPELQAHAGKVFKLVYEAAIQLEVTGVVVTDATLKNLGSVHVSKGVADAHFPVVKEAILKTIKEVVGAKWSEELNSAWTIAYDELAIVIKKEMDDAA
cb513_493,ARSTNTFNYATYHTLDEIYDFMDLLVAQHPELVSKLQIGRSYEGRPIYVLKFSTGGSNRPAIWIDLGIHSREWITQATGVWFAKKFTENYGQNPSFTAILDSMDIFLEIVTNPNGFAFTHSENRLWRKTRSVTSSSLCVGVDANRNWDAGFGKAGASSSPCSETYHGKYANSEVEVKSIVDFVKNHGNFKAFLSIHSYSQLLLYPYGYTTQSIPDKTELNQVAKSAVAALKSLYGTSYKYGSIITTIYQASGGSIDWSYNQGIKYSFTFELRDTGRYGFLLPASQIIPTAQETWLGVLTIMEHTVNN
cb513_134,AVKVGINGFGRIGRNVFRAALKNPDIEVVAVNDLTDANTLAHLLKYDSVHGRLDAEVSVNGNNLVVNGKEIIVKAERDPENLAWGEIGVDIVVESTGRFTKREDAAKHLEAGAKKVIISAPAKNEDITIVMGVNQDKYDPKAHHVISNASCTTNCLAPFAKVLHEQFGIVRGMMTTVHSYTNDQRILDLPHKDLRRARAAAESIIPTTTGAAKAVALVLPELKGKLNGMAMRVPTPNVSVVDLVAELEKEVTVEEVNAALKAAAEGELKGILAYSEEPLVSRDYNGSTVSSTIDALSTMVIDGKMVKVVSWYDNETGYSHRVVDLAAYIASKGL
cb513_492,YAPSALVLTVGKGVSATTAAPERAVTLTCAPGPSGTHPAAGSACADLAAVGGDLNALTRGEDVGCPKVYDPVLLTVDGVWQGKRVSYERVFSNECEMNAHGSSVFAF
cb513_133,DSTPVTNQKSSGRCWLFAATNQLRLNVLSELNLKEFELSQAYLFFYDKLEKANYFLDQIVSSADQDIDSRLVQYLLAAPTEDGGQYSMFLNLVKKYGLIPKDLYGDLPYSTTASRKWNSLLTTKLREFAETLRTALKERSADDSIIVTLREQMQREIFRLMSLFMDIPPVQPNEQFTWEYVDKDKKIHTIKSTPLEFASKYAKL
cb513_491,KVFGRCELAAAMKRHGLDNYRGYSLGNWVCAAKFESNFNTQATNRNTDGSTDYGILQINSRWWCNDGRTPGSRNLCNIPCSALLSSDITASVNCAKKIVSDGNGMNAWVAWRNRCKGTDVQAWIRGCRL
cb513_132,DQTTATVRSRITSAGAGQGQAAWFATFNETFGDYSEKAHELLNTKLEQWAEEAVARGGFHNTTALLIQYENYRDWIVNHNVAYSELFLDTAGVASFDVWDLLPFTRGYVHILDKDPYLHHFAYDPQYFLNELDLLGQAAATQLARNISNSGAMQTYFAGETIPGDNLAYDADLSAWTEYIPYHFRP
cb513_490,ATLKEKLIAPVAQQETTIPDNKITVVGVGQVGMACAISILGKSLTDELALVDVLEDKLKGEMMDLQHGSLFLQTPKIVANKDYSVTANSKIVVVTAGVRQQEGESRLNLVQRNVNVFKFIIPQIVKYSPNCIIIVVSNPVDILTYVAWKLSGLPKHRVIGSGCNLDSARFRYLMGEKLGVHPSSCHGWILGEHGDSSVAVWSGVNVAGVVLQQLNPEMGTDNDSENWKEVHKMVVESAYEVIKLKGYTNWAIGLSVADLIESMLKNLSRIHPVSTMVQGMYGIENEVFLSLPCVLNARGLTSVINQKLKDDEVAQLKNSADTLWGIQKDLKDL
cb513_099,LSADQISTVQASFDKVKGDPVGILYAVFKADPSIMAKFTQFAGKDLESIKGTAPFETHANRIVGFFSKIIGELPNIEADVNTFVASHKPRGVTHDQLNNFRAGFVSYMKAHTDFAGAEAAWGATLDTFFGMIFSKM
cb513_131,GTWTRPHKAQVDSWETVFGNEGWNWDNVAAYSLQAERARAPNAKQIAAGHYFNASCHGVNGTVHAGPRDTGDDYSPIVKALMSAVEDRGVPTKKDFGCGDPHGVSMFPNTLHEDQV
cb513_098,MMKKIDVKILDPRVGKEFPLPTYATSGSAGLDLRACLNDAVELAPGDTTLVPTGLAIHIADPSLAAMMLPRSGLGHKHGIVLGNLVGLIDSDYQGQLMISVWNRGQDSFTIQPGERIAQMIFVPVVQAEFNLVEDF
cb513_130,ASYKVTLKTPDGDNVITVPDDEYILDVAEEEGLDLPYSCRAGACSTCAGKLVSGPAPDEDQSFLDDDQIQAGYILTCVAYPTGDCVIETHKEEALY
cb513_097,SKRYFVTGTDTEVGKTVASCALLQAAKAAGYRTAGYKPVASGSEKTPEGLRNSDALALQRNSSLQLDYATVNPYTFAEPTSPHIISAQEGRPIESLVMSAGLRALEQQADWVLVEGAGGWFTPLSDTFTFADWVTQEQLPVILVVGVKLGCINHAMLTAQVIQHAGLTLAGWVANDVTPPGKRHAEYMTTLTRMIPAPLLGEIPWLAEAATGKYINLALL
cb513_096,GGDLGKDLTQAWAVAMALGVEDKVTVPLFEGVQKTQTIRSASDIRDVFINAGIKGEEYDAAWNS
cb513_095,HYLGKEMVQNIAALRFGNPIFDAAWNKDYIKNVQVTLSEVLGVEERAGYYDTAGALLDMIQNHTMQIVGWLAMEKPESFTDKDIRAAKNAAFNALKIYDEAEVNKYFVRAQYGAGDSADFKPYLEELDVPADSKNNTFIAGELQFDLPRWEGVPFYVRSGKRLAAKQTRVDIVFKAGTFNFGSEQEAQEAVLSIIIDPKGAIELKLNAKSVEDAFNTRTIDLGWTVSDEDKKNTPEPYERMIHDTMNGDGSNFADWNGVSIAWKFVDAISAVYTADKAPLETYKSGSMGPEASDKLLAANGDAWVFKG
cb513_094,VSEIKTLVTFFGGTGDLAKRKLYPSVFNLYKKGYLQKHFAIVGTARQALNDDEFKQLVRDCIKDFTDDQAQAEAFIEHFSYRAHDVTDAASYAVLKEAIEEAADKFDIDGNRIFYMSVAPRFFGTIAKYLKSEGLLADTGYNRLMIEKPFGTSYDTAAELQNDLENAFDDNQLFRID
cb513_093,SLCKHRPFIAWTDRVQWQSNPAHLQAWQEGKTGYPIVDAAMRQLNSTGWMHNRLRMITASFLVKDLLIDWREGERYFMSQLIDGDLAANNGGWQWAASTGTDAAPYFRIFNPTTQGEKFDHEGEFIRQWLPELRDVPGKVVHEPWKWAQKAGVTLDYPQPIVEHKEARVQTLAAYEAARK
cb513_092,TTHLVWFRQDLRLHDNLALAAACRNSSARVLALYIATPRQWATHNMSPRQAELINAQLNGLQIALAEKGIPLLFREVDDFVASVEIVKQVCAENSVTHLFYNYQYEVNERARDVEVERALRNVVCEGFDDSVILPPGAVMTGNHEMYKVFTPFKNAWLKRLREGMPECVAAPKVRSSGSIEPSPSITLNYPRQSFDTAHFPVEEKAAIAQLRQFCQNGAGEYEQQRDFPAVEGTSRLSASLATGGLSPRQCLHRLLAEQPQALDGGAGSVWLNELIWREFYRHLITYHP
cb513_091,RDVLTDPIVGVNNLRGYGTTFSNIENYIRKPHLFDYLHRIQFHTRFQPGYYGNDSFNYWSGNYVSTRPSIGSNDIITSPFYGNKSSEPVQNLEFNGEKVYRAVANTNLAVWPSAVYSGVTKVEFSQYNDQTDEASTQTYDSKRNVGAVSWDSIDQLPPETTDEPLEKGYSHQLNYVMCFLMQGSRGTIPVLTWTHKS
cb513_090,TTKDVIQKGISVVGDLLGVVGFPFGGALVSFYTNFLNTIWPSEDPWKAFMEQVEALMDQKIADYAKNKALAELQGLQNNVEDYVSALSSWQKNPVSSRNPHSQGRIRELFSQAESHFRNSMPSFAISGYEVLFLTTYAQAANTHLFLLKDAQIYGEEWGYEKEDIAEFYKRQLKLTQEYTDHCVKWYNVGLDKLRGSSYESWVNFNRYRREMTLTVLDLIALFPLYDVR
cb513_489,STGSATTTPIDSLDDAYITPVQIGTPAQTLNLDFDTGSSDLWVFSSETTASEVDGQTIYTPSKSTTAKLLSGATWSISYGDGSSSSGDVYTDTVSVGGLTVTGQAVESAKKVSSSFTEDSTIDGLLGLAFSTLNTVSPTQQKTFFDNAKASLDSPVFTADLGYHAPGTYNFGFIDTTAYTGSITYTAVSTKQGFWEWTSTGYAVGSGTFKSTSIDGIADTGTTLLYLPATVVSAYWAQVSGAKSSSSVGGYVFPCSATLPSFTFGVGSARIVIPGDYIDFGPISTGSSSCFGGIQSSAGIGINIFGDVALKAAFVVFNGATTPTLGFASK
cb513_488,GDVAKGKKTFVQKCAQCHTVENGGKHKVGPNLWGLFGRKTGQAEGYSYTDANKSKGIVWNNDTLMEYLENPKKYIPGTKMIFAGIKKKGERQDLVAYLKSATS
cb513_129,NRERINQLLNESLMLVTALNTHIGYDKAAEIAKKAHKEGLTLKAAALALGYLSEAEFDSWVRPEQM
cb513_487,VQPTPADHFTFGLWTVGWTGADPFGVATRANLDPVEAVHKLAELGAYGITFHDNDLIPFDATAAEREKILGDFNQALADTGLKVPMVTTNLFSHPVFKDGGFTSNDRSIRRFALAKVLHNIDLAAEMGAETFVMWGGREGSEYDGSKDLAAALDRMREGVDTAAGYIKDKGYNLRIALEPKPNEPRGDIFLPTVGHGLAFIEQLEHGDIVGLNPETGHEQMAGLNFTHGIAQALWAEKLFHIDLNGQRGIKYDQDLVFGHGDLTSAFFTVDLLENGFPNGGPKYTGPRHFDYKPSRTDGYDGVWDSAKANMSMYLLLKERALAFRADPEVQEAMKTSGVFELGETTLNAGESAADLMNDSASFAGFDAEAAAERNFAFIRLNQLAIEHLLGSR
cb513_128,SNDVFPTAMHVAALLALRKQLIPQLKTLTQTLNEKSRAFADIVKIGRTHLQDATPLTLGQEISGWVAMLEHNLKHIEYSLPHVAELALGGTAVGTGLNTHPEYARRVADELAVITCAPFVTAPNKFEALATCDALVQAHGALKGLAASLMKIANDVRWLASGPRCGIGEISIPENEPMPGKVNPTQCEALTMLCCQVMGNDVAINMGGASGNFELNVFRPMVIHNFLQSVRLLADGMESFNKHCAVGIEP
cb513_486,MDLLAELQWRGLVNQTTDEDGLRKLLNEERVTLYCGFDPTADSLHIGHLATILTMRRFQQAGHRPIALVGGATGLIGDPSGKKSERTLNAKETVEAWSARIKEQLGRFLDFEADGNPAKIKNNYDWIGPLDVITFLRDVGKHFSVNYMMAKESVQSRIETGISFTEFSYMMLQAYDFLRLYETEGCRLQIGGSDQWGNITAGLELIRKTKGRAFGLTIPLVTKADGTKFGKTESGTIWLDKEKTSPYEFYQFWINTDDRDVIRYLKYFTFLSKEEIEALEQELREAPEKRAAQKTLAEEVTKLVHGEEALRQAIRYA
cb513_127,VRSEKDSMGAIDVPADKLWGAQTQRSLEHFRISTEKMPTSLIHALALTKRAAAKVNEDLGLLSEEKASAIRQAADEVLAGQHDDEFPLAIWQTGSGTQSNMNMNEVLANRASELLGGVRGMERKVHPNDDVNKSQS
cb513_485,PICTNCCAGYKGCNYYSANGAFICEGQSDPKKPKACPLNCDPHIAYSKCPR
cb513_126,MERNKLARQIIDTCLEMTRLGLNQGTAGNVSVRYQDGMLITPTGIPYEKLTESHIVFIDGNGKHEEGKLPSSEWRFHMAAYQSRPDANAVVHNHAVHCTAVSILNRSIPAIHYMIAAAGGNSIPCAPYATFGTRELSEHVALALKNRKATLLQHHGLIACEVNLEKALWLAHEVEVLAQLYLTTLAITDPVPVLSDEEIAVVLEKF
cb513_484,SVYDAAAQLTADVKKDLRDSWKVIGSDKKGNGVALMTTLFADNQETIGYFKRLGNVSQGMANDKLRGHSITLMYALQNFIDQLDNPDDLVCVVEKFAVNHITRKISAAEFGKINGPIKKVLASKNFGDKYANAWAKLVAVVQAAL
cb513_125,HSKKMEEGITVNKFKPKTPYVGRCLLNTKITGDDAPGETWHMVFSHEGEIPYREGQSVGVIPDGEDKNGKPHKLRLYSIASSALGDFGDAKSVSLCVKRLIYTNDAGETIKGVCSNFLCDLKPGAEVKLTGPVGKEMLMPKDPNATIIMLGTGTGIAPFRSFLWKMFFEKHDDYKFNGLAWLFLGVPTSSSLLYKEEFEKMKEKAPDNFRLDFAVSREQTNEKGEKMYIQTRMAQYAVELWEMLKKDNTYVYMCGLKGMEKGIDDIMVSLAAAEGIDWIEYKRQLKKAEQWNVEVY
cb513_483,MKKYTCTVCGYIYDPEDGDPDDGVNPGTDFKDIPDDWVCPLCGVGKDEFEEVEE
cb513_124,GVQVETISPGDGRTFPKRGQTCVVHYTGMLEDGKKFDSSRDRNKPFKFMLGKQEVIRGWEEGVAQMSVGQRAKLTISPDYAYGATGHPGIIPPHATLVFDVELLKLE
cb513_482,INYYKDAASTSSAGQSLSMDPSKFTEPVKDLMLKGAPALN
cb513_123,QPILLELEAPLKICGDIHGQYYDLLRLFEYGGFPPESNYLFLGDYVDRGKQSLETICLLLAYKIKYPENFFLLRGNHECASINRIYGFYDECKRRYNIKLWKTFTDCFNCL
cb513_481,GLPTTTLPGSGQFLTTDDRQSPSALPNYEPTPRIHIPGKVHNLLEIIQVDTLIPMNNTHTKDEVNSYLIPLNANRQNEQVFGTNLFIGDGVFKTTLLGEIVQYYTHWSGSLRFSLMYTGPALSSAKLILAYTPPGARGPQDRREAMLGTHVVWDIGLQSTIVMTIPWTSGVQFRYTDPDTYTSAGFLSCWYQTSLILPPETTGQVYLLSFISACPDFKLRLMKDTQTISQTVALTE
cb513_122,VPDYHEDIHTYLREMEVKCKPKVGYMKKQPDITNSMRAILVDWLVEVGEEYKLQNETLHLAVNYIDRFLSSMSVLRGKLQLVGTAAMLLASKFEEIYPPEVAEFVYITDDTYTKKQVLRMEHLVLKVLTFDLAAPT
cb513_480,TVASISSGPKHTQKVPILTANETGATMPVLPSDSIETRTTYMHFNGSETDVECFLGRAACVHVTEIQNKDATGIDNHREAKLFNDWKINLSSLVQLRKKLELFTYVRFDSEYTILATASQPDSANYSSNLVVQAMYVPPGAPNPKEWDDYTWQSASNPSVFFKVGDTSRFSVPYVGLASAYNCFYDGYSHDDAETQYGITVLNHMGSMAFRIVNEHDEHKTLVKIRVYHRAKHVEAWIPRAPRALPYTSIGRTNYPKNTEPVIKKRKGDIKSY
cb513_089,VLLLDVTPLSLGIETMGGVMTTLIAKNTTIPTKHSQVFSTAEDNQSAVSIHVLQGERKRAADNKSLGQFNLDGINPAPRGMPQIEVTFDIDADGILHVSAKDKNSGKEQKITIKASSGLNEDEIQKMVRDAEANAEADRKFEELVQTRNQGDHLLHSTRKQVEEAGDKLPADDKTAIESALTALETALKGEDKAAIEAKMQELAQVSQKLMEIAQ
cb513_121,VNQFLTQYFLHQQPANCKVESLAMFLGELSLIDADPYLKYLPSVIAGAAFHLALYTVTGQSWPESLIRKTGYTLESLKPCLMDLHQTYLKAPQHAQQSIREKYKNSKYHGVSLLNPPETLNL
cb513_088,MLTEGISIQSYDGHTFGALVGSPAKAPAPVIVIAQEIFGVNAFMRETVSWLVDQGYAAVCPDLYARQAPGTALDPQDERQREQAYKLWQAFDMEAGVGDLEAAIRYARHQPYSNGKVGLVGYCLGGALAFLVAAKGYVDRAVGYYGVGLEKQLNKVPEVKHPALFHMGGQDHFVPAPSRQLITEGFGANPLLQVHWYEEAGHSFARTSSSGYVASAAALANERTLDFLAPLQS
cb513_120,AYVINDSCIACGACKPECPVNIIQGSIYAIDADSCIDCGSCASVCPVGAPNPED
cb513_087,FERIMVWADKFRTLKVRTNADTPEDTLNAVKLGAEGIGLCRTEHMFFEADRIMKIRKMILSDSVEAREEALNELIPFQKGDFKAMYKALEGRPMTVRYLDPPLHEFVPHTEEEQAELAKNMGLTLAEVKAKVDELHEFNPMMGHRGCRLAVTYPEIAKMQTRAVMEAAIEVKEETGIDIVPEIMIPLVGEKKELKFVKDVVVEVAEQVKKEKGSDMQYHIGTMIEIPRAALTADAIAEEAEFFSFGTNDLTQMTFGFSRDDAGKFLDSYYKAKIYESDPFARLDQTGVGQLVEMAVKKGRQTRPGLKCGICGEHGGDPSSVEFCHKVGLNYVSCSPFRVPIARLAAAQAALNNK
cb513_086,LDQLLHPTFNPAALKAGEVIGSALPASPGAAAGKVYFTADEAKAAHEKGERVILVRLETSPEDIEGMHAAEGILTVRGGMTSHAAVVARGMGTCCVSGCGEIKINEEAKTFELGGHTFAEGDYISLDGSTGKIIETQEASVSGS
cb513_085,VFGNKGETSGTGVAFTRNPSTGEKGIYGEYLINAQGEDVVAGVRTPQPITQLENDMPDCYKQFMDLAMKLEKHFRDMQDMEFTIEEGKLYFLQTRNGKRTAPAALQIACDLVDEGMITEEEAVVRIEAKS
cb513_084,AKWVYKFEEGNASMRNLLGGKGCNLAEMTILGMPIPQGFTVTTEACTEYYNSGKQITQEIQDQIFEAITWLEELNGKKFGDTEDPLLVSVRSAARASMPGMMDTILNLGLNDVAVEGFAKKTGNPRFAYDSYRRFIQMYSDVVMEVPKSHFEKIIDAMKEEKGVHFDTDLTADDLKELAEKFKAVYKEAMNGEEFPQEPKDQLMGAVKAVFRSWDNPRAIVYRRMNDIPGDWGTAVNVQTM
cb513_083,SVGVNVMLKLLEKAAKVMGDYTDIEIIEAHHRHKVDAPSGTALAMGEAIAHALDKDLKDCAVYSREGHTGERVPGTIGFATVRAGDIVGEHTAMFADIGERLEITHKASS
cb513_082,DCYCRIPACIAGERRYGTCIYQGRLWAFCC
cb513_081,MNLDIHCEQLSDARWTELLPLLQQYEVVRLDDCGLTEEHCKDIGSALRANPSLTELCLRTNELGDAGVHLVLQGLQSPTCKIQKLSLQNCSLTEAGCGVLPSTLRSLPTLRELHLSDNPLGDAGLRLLCEGLLDPQCHLEKLQLEYCRLTAASCEPLASVLRATRALKELTVSNNDIGEAGARVLGQGLADSACQLETLRLENCGLTPANCKDLCGIVASQASLRELDLGSNGLGDAGIAELCPGLLSPASRLKTLWLWECDITASGCRDLCRVLQAKETLKELSLAGNKLGDEGARLLCESLLQPGCQLESLWVKSCSLTAACCQHVSLMLTQNKHLLELQLSSNKLGDSGIQELCQALSQPGTTLRVLCLGDCEVTNSGCSSLASLLLANRSLRELDLSNNCVGDPGVLQLLGSLEQPGCALEQLVLYDTYWTEEVEDRLQALEGSKPGLRVIS
cb513_080,GPIKDALAYAWGVFAANTDYPCLTRKEFEGIDYDRETNLNLTKLEVITIMEQAFCYLNGKSPIKGVFVFDDEGKESVNFVAFNKITDVINNIEDQWSVRRLMQALGTDLIVNNFDRMYW
cb513_514,IERGKTYLRLRPDRVAMQDATAQMAMLQFISSGLPKVAVPSTIHCDHLIEAQLGGEKDLRRAKDINQEVYNFLATAGAKYGVGFWRPGSGIIHQIILENYAYPGVLLIGTDSHTPNGGGLGGICIGVGGADAVDVMAGIPWELKCPKVIGVKLTGSLSGWTSPKDVILKVAGILTVKGGTGAIVEYHGPGVDSISCTGMATICNMGAEIGATTSVFPYNHRMKKYLSKTGRADIANLADEFKDHLVPDPGCHYDQVIEINLSELKPHINGPFTPDLAHPVAEVGSVAEKEGWPLDIRVGLIGSCTNSSYEDMGRSAAVAKQALAHGLKCKSQFTITPGSEQIRATIERDGYAQVLRDVGGIVLANACGPCIGQWDRKDIKKGEKNTIVTSYNRNFTGRNDANPETHAFVTSPEIVTALAIAGTLKFNPETDFLTGKDGKKFKLEAPDADELPRAEFDPGQDTYQHPPKDSSGQRVDVSPTSQRLQLLEPFDKWDGKDLEDLQILIKVKGKCTTDHISAAGPWLKFRGHLDNISNNLLIGAINIENRKANSVRNAVTQEFGPVPDTARYYKQHGIRWVVIGDENYGEGSSREHSALEPRHLGGRAIITKSFARIHETNLKKQGLLPLTFADPADYNKIHPVDKLTIQGLKDFAPGKPLKCIIKHPNGTQETILLNHTFNETQIEWFRAGSALNRMKELQQK
cb513_513,XRAKVAMSHFEPHEYIRYDLLEKNIDIVRKRLNRPLTLSEKIVYGHLDDPANQEIERGKTYLRLRPDRVAMQDATAQMAMLQFISSGLPKVAVPSTIHCDHLIEAQLGGEKDLRRAKDINQEVYNFLATAGAKYGVGFWRPGSGIIHQIILENYAYPGVLLIGTDSHTPNGGGLGGICIGVGGADAVDVMAGIPWELKCPKVIGVKLTGSLSGWTSPKDVILKVAGILTVKGGTGAIVEYHGPGVDSISCTGMATICNMGAEIGATTSVFPYNHRMKKYLSKTGRADIANLADEFKDHLVPDPGCHYDQVIEINLSELKPHINGPFTPDLAHPVAEVGSVAEKEGWPLDIRVGLIGSCTNSSYEDMGRSAAVAKQALAHGLKCKSQFTITPGSEQIRATIERDGYAQVLRDVGGIVLANACGPCIGQWDRKDIKKGEKNTIVTSYNRNFTGRNDANPETHAFVTSPEIVTALAIAGTLKFNPETDFLTGKDGKKFKLEAPDADELPRAEFDPGQDTYQHPPKDSSGQRVDVSPTSQRLQLLEPFDKWDGKDLEDLQILIKVKGKCTTDHISAAGPWLKFRGHLDNISNNLLIGAINIENRKANSVRNAVTQEFGPVPDTARYYKQHGIRWVVIGDENYGEGSSREHSALEPRHLGGRAIITKSFARIHETNLKKQGLLPLTFADPADYNKIHPVDKLTIQ
cb513_512,MPPITQQATVTAWLPQVDASQITGTISSLESFTNRFYTTTSGAQASDWIASEWQALSASLPNASVKQVSHSGYNQKSVVMTITGSEAPDEWIVIGGHLDSTIGSHTNEQSVAPGADDDASGIAAVTEVIRVLSENNFQPKRSIAFMAYAAEEVGLRGSQDLANQYKSEGKNVVSALQLDMTNYKGSAQDVVFITDYTDSNFTQYLTQLMDEYLPSLTYGFDTCGYACSDHASWHNAGYPAAMPFESKFNDYNPRIHTTQDTLANSDPTGSHAKKFTQLGLAYAIEMGSATG
cb513_511,MYGNWGRFIRVNLSTGDIKVEEYDEELAKKWLGSRGLAIYLLLKEMDPTVDPLSPENKLIIAAGPLTGTSAPTGGRYNVVTKSPLTGFITMANSGGYFGAELKFAGYDAIVVEGKAEKPVYIYIKDEHIEIRDASHIWGKKVSETEATIRKEVGSEKVKIASIGPAGENLVKFAAIMNDGHRAAGRGGVGAVMGSKNLKAIAVEGSKTVPI
cb513_479,MKRIGVLTSGGDSPGMNAAIRSVVRKAIYHGVEVYGVYHGYAGLIAGNIKKLEVGDVGDIIHRGGTILYTARCPEFKTEEGQKKGIEQLKKHGIQGLVVIGGDGSYQGAKKLTEHGFPCVGVPGTIDNDIPGTDFTIGFDTALNTVIDAIDKIRDTATSHERTYVIEVMGRHAGDIALWSGLAGGAETILIPEADYDMNDVIARLKRGHERGKKHSIIIVAEGVGSGVDFGRQIQEATGFETRVTVLGHVQRGGSPTAFDRVLASRLGARAVELLLEGKGGRCVGIQNNQLVDHDIAEALANKHTIDQRMYALSKELSI
cb513_510,XRCGEQGSNMECPNNLCCSQYGYCGMGGDYCGKGCQNGACWTSKRCGSQAGGATCPNNHCCSQYGHCGFGAEYCGAGCQGGPCRADIKCGSQSGGKLCPNNLCCSQWGFCGLGSEFCGGGCQSGACSTDKPCGKDAGGRVCTNNYCCSKWGSCGIGPGYCGAGCQSGGCDA
cb513_478,VASYDYLVIGGGSGGLASARRAAELGARAAVVESHKLGGTCVNVGCVPKKVMWNTAVHSEFMHDHADYGFPSCEGKFNWRVIKEKRDAYVSRLNAIYQNNLTKSHIEIIRGHAAFTSDPKPTIEVSGKKYTAPHILIATGGMPSTPHESQIPGASLGITSDGFFQLEELPGRSVIVGAGYIAVEMAGILSALGSKTSLMIRHDKVLRSFDSMISTNCTEELENAGVEVLKFSQVKEVKKTLSGLEVSMVTAVPGRLPVMTMIPDVDCLLWAIGRVPNTKDLSLNKLGIQTDDKGHIIVDEFQNTNVKGIYAVGDVCGKALLTPVAIAAGRKLAHRLFEYKEDSKLDYNNIPTVVFSHPPIGTVGLTEDEAIHKYGIENVKTYSTSFTPMYHAVTKRKTKCVMKMVCANKEEKVVGIHMQGLGCDEMLQGFAVAVKMGATKADFDNTVAIHPTSSEELVTLR
cb513_119,ARTVVLITGCSSGIGLHLAVRLASDPSQSFKVYATLRDLKTQGRLWEAARALACPPGSLETLQLDVRDSKSVAAARERVTEGRVDVLVCNAGLGLLGPLEALGEDAVASVLDVNVVGTVRMLQAFLPDMKRRGSGRVLVTGSVGGLMGLPFNDVYCASKFALEGLCESLAVLLLPFGVHLSLIECGPVHTAFMEKVLGSPEEVLDRTDIHTFHRFYQYLAHSKQVFREAAQNPEEVAEVFLTALRAPKPTLRYFTTERFLPLLRMRLDDPSGSNYVTAMHREVFG
cb513_477,PLRDSVKQALKNYFAQLNGQDVNDLYELVLAEVEQPLLDMVMQYTRGNQTRAALMMGINRGTLCKKLKKYGMN
cb513_118,QVQLKESGPGLVAPSQSLSITCTVSGFSLTGYGVNWVRQPPGKGLEWLGMIWGDGNTDYNSALKSRLSISKDNSKSQVFLKMNSLHTDDTARYYCARERDYRLDYWGQGTTLTVSSASTTPPSVFPLAPGSAAQTNSMVTLGCLVKGYFPEPVTVTWNSGSLSSGVHTFPAVLQSDLYTLSSSVTVPSSPRPSETVTCNVAHPASSTKVDKKIVPRDC
cb513_476,XHADPICNKPCKTHDDCSGAWFCQACWNSARTCGPYV
cb513_117,FNKEQQNAFYEILHLPNLNEEQRNGFIQSLKDDPSQSANLLAE
cb513_475,ALWQFNGMIKCKIPSSEPLLDFNNYGCYCGLGGSGTPVDDLDRCCQTHDNCYKQAKKLDSCKVLNNYSYSCSNNEITCSSENNACEAFICNCDRNAAICFSKVPYNKEHKNLDKKNC
cb513_116,FVLTPGNPRWENTHLTYRIENYTPDLSREDVDRAIEKAFQLWSNVSPLTFTKVSEGQADIMISFVRGDHRDNSPFDGPGGNLAHAFQPGPGIGGDAHFDEDERWTKNFRDYNLYRVAAHELGHSLGLSHSTDIGALMYPNYIYTGDVQLSQDDIDGIQAIYGPSENPVQPSGPQT
cb513_474,SKPQPIAAANWKCNGSQQSLSELIDLFNSTSINHDVQCVVASTFVHLAMTKERLSHPKFVIAAQNAIAKSGAFTGEVSLPILKDFGVNWIVLGHSERRAYYGETNEIVADKVAAAVASGFMVIACIGETLQERESGRTAVVVLTQIAAIAKKLKKADWAKVVIAYEPVWAIGTGKVATPQQAQEAHALIRSWVSSKIGADVRGELRILYGGSVNGKNARTLYQQRDVNGFLVGGASLKPEFVDIIKATQ
cb513_115,TTYFNYPSKELQDELREIAQKIVAPGKGILAADESGPTMGKRLQDIGVENTEDNRRAYRQLLFSTDPKLAENISGVILFHETLYQKADDGTPFAEILKKKGIILGIKVDKGVVPLFGSEDEVTTQGLDDLAARCAQYKKDGCDFAKWRCVLKIGKNTPSYQSILENANVLARYASICQSQRIVPIVEPEVLPDGDHDLDRAQKVTETVLAAVYKALSDHHVYLEGTLLKPNMVTAGQSAKKNTPEEIALATVQALRRTVPAAVTGVTFLSGGQSEEEATVNLSAINNVPLIRPWALTFSYGRALQASVLRAWAGKKENIAAGQNELLKRAKANGDAAQGKYVAGSAGAGSGSLFVANHAY
cb513_473,ACDYTCGSNCYSSSDVSTAQAAGYKLHEDGETVGSNSYPHKYNNYEGFDFSVSSPYYEWPILSSGDVYSGGSPGADRVVFNENNQLAGVITHTGASGNNFVECT
cb513_114,GICAPFTIPDVALEPGQQVTVPVAVTNQSGIAVPKPSLQLDASPDWQVQGSVEPLMPGRQAKGQVTITVPAGTTPGRYRVGATLRTSAGNASTTFTVTVG
cb513_472,VNPSDSVAVIAANIFSIPYFQQTGVRGFARSMPTSGALDRVANATKIALYETPTGWKFFGNLMDASKLSLCGEESFGTGSDHIREKDGLWAVLAWLSILATRKQSVEDILKDHWHKF
cb513_113,FERTKPHVNVGTIGHVDHGKTTLTAAITTVLAKTYGITINTSHVEYDTPTRHYAHVDCPGHADYVKNMITGAAQMDGAILVVAATDGPMPQTREHILLGRQVGVPYIIVFLNKCDMVDDEELLELVEMEVRELLSQYDFPGDDTPIVRGSALKALEGDAEWEAKILELAGFLDSYIP
cb513_471,GRNFFTRYDYEEVEAEGATKMMKDLEALMFDRSFVGKQFSANDKVYTVEKADNFEYHDPVDGSVSKNQGLRLIFADGSRIIFRLSGTGSAGATIRLYIDSYEKDNAKINQDPQVMLAPLISIALKVSQLQERTGRTAPTVIT
cb513_112,WSYNTSTEAMTYDEASAYCQQRYTHLVAIQNKEEIEYLNSILSYSPSYYWIGIRKVNNVWVWVGTQKPLTEEAKNWAPGEPNNRQKDEDCVEIYIKREKDVGMWNDERCSKKKLALCYTA
cb513_470,DSVEAYATMLRNIFDFNALKELLSGPNRLKIRIDAMHGVVGPYVKKILCEELGAPANSAVNCVPLEDFGGHHPDPNLTYAADLVETMKSGEHDFGAAFDGDGDRNMILGKHGFF
cb513_079,EEDPTFRVSTHQTIISGMGELLKREFKVDANVGKPQV
cb513_111,ADEELVKHIAMHVAASKPEFIKPEDVSAEVVEKEYQVQLDIAMQSGKPKEIAEKMVEGRMKKFTGEVSLTGQPFVMEPSKTVGQLLKEH
cb513_078,RPLENLEKGVKATFVEDIRWLRCDIKSLNLLGAVLAKQEAHEKGCYEAILHRNNTVTEGSSSNVFGIKDGILYTHPANNMILKGITRDVVIACANEINMPVKEIPFTTHEALKMDELFVTSTTSEITPVIEIDGKLIRDGKVGEWTRKLQKQFETKIP
cb513_110,DPVPTVFFGDSYTANFGIAPVTNQDSERGWCFQAKENYPAVATRSLADKGITLDVQADVSCGGALIHHFWEKQELPFGAGELPPQQDALKQDTQLTVGSLGGNTLGFNRILKQCSDELRKPSLLPGDPVDGDEPAAKCGEFFGTGDGKQWLDDQFERVGAELEELLDRIGYFAPDAKRVLVGYPRLVPEDTTKCLTAAPGQTQLPFADIPQDALPVLDQIQKRLNDAMKKAAADGGADFVDLYAGTGANTACDGADRGIGGLLEDSQLELLGTKIPWYAHPNDKGRDIQAKQVADKIEEILN
cb513_077,GYTLWNDQIVKDEEVKIDKEDRGYQFGDGVYEVVKVYNGEMFTVNEHIDRLYASAEKIRITIPYTKDKFHQLLHELVEKNELNTGHIYFQVTRGTSPRAHQFPENTVKPVIIGYTKENP
cb513_076,KPITIEVVSMDWKWFFIYPEQGIATVNEIAFPANTPVYFKVTSNSVMHSFFIPRLGSQIYAMAGMQTRLHLIANEPGTYDGICAEICGPGHSGMKFKAIATPDRAAFDQWVAKAKQSPNTMSDMAAFEKLAAPSEYNQVEYFSNVKPDLFADVINKFM
cb513_075,EPAERLGGAGAKYPLHVVASHPKSRLHSQLNGTSLRDLYAVAGHEPCLINPADAAARGIADGDVLRVFNDRGQILVGAKVSDAVMPGAIQIYEGGWYDPLDPSEEGTLDKYGDVNVLSLDVGTSKLAQGNCGQTILADVEKYAGAPVTVTVFDTPKGA
cb513_074,FGPKDLEIKTLLMDEQDHGYALTGDALSQAAIAAANRSHMPYSKSPSGVALECKDGRIFSGSYAENAAFNPTLPPLQGALILLNLKGYDYPDIQRAVLAEKADAPLIQWDATSATLKALGCHSIDRVLLA
cb513_073,MHPRFQTAFAQLADNLQSALEPILADKYFPALLTGEQVSSLKSATGLDEDALAFALLPLAAACARTPLSNFNVGAIARGVSGTWYFGANMEFIGATMQQTVHAEQSAISHAWLSGEKALAAITVNYTPCGHCRQFMNELNSGLDLRIHLPGREAHALRDYLPDA
cb513_072,YGRGWTGVNGYQNNIPFTGTATGPVKGTWENGIVDYRQIAGQFMSGEWQYTYDATAEAPYVFKPSTGDLITFD
cb513_071,AAPGKPTIAWGNTKFAIVEVDQAATAYNNLVKVKNAADVSVSWNLWNGDTGTTAKILLNGKEAWSGPSTGSSGTANFKVNKGGRYQMQVALCNADGCTASDATEIVVAD
cb513_070,VYNATAGGIISKILRKEKGGYEITIVDASNERQVIDIIPRGLELLVSEGESIKLDQPLTS
cb513_509,IPEYVDWRQKGAVTPVKNQGSCGSCWAFSAVVTIEGIIKIRTGNLNQYSEQELLDCDRRSYGCNGGYPWSALQLVAQYGIHYRNTYPYEGVQRYCRSREKGPYAAKTDGVRQVQPYNQGALLYSIANQPVSVVLQAAGKDFQLYRGGIFVGPCGNKVDHAVAAVGYGPNYILIKNSWGTGWGENGYIRIKRGTGNSYGVCGLYTSSFYPVKN
cb513_508,FVNQHLCGSHLVEALYLVCGERGFFYTPKA
cb513_507,SIPPEVKFNKPFVFLMIEQNTKSPLFMGKVVNPTQK
cb513_506,HPTFNKITPNLAEFAFSLYRQLAHQSNSTNIFFSPVSIATAFAMLSLGTKADTHDEILEGLNFNLTEIPEAQIHEGFQELLRTLNQPDSQLQLTTGNGLFLSEGLKLVDKFLEDVKKLYHSEAFTVNFGDTEEAKKQINDYVEKGTQGKIVDLVKELDRDTVFALVNYIFFKGKWERPFEVKDTEEEDFHVDQVTTVKVPMMKRLGMFNIQHCKKLSSWVLLMKYLGNATAIFFLPDEGKLQHLENELTHDIITKFLENEDRRSASLHLPKLSITGTYDLKSVLGQLGITKVFSNGADLSGVTEEAPLKLSKAVHKAVLTIDEKGTEAAGAMFLEAIPM
cb513_505,STAGKVIKCKAAVLWEEKKPFSIEEVEVAPPKAHEVRIKMVATGICRSDDHVVSGTLVTPLPVIAGHEAAGIVESIGEGVTTVRPGDKVIPLFTPQCGKCRVCKHPEGNFCLKNDLSMPRGTMQDGTSRFTCRGKPIHHFLGTSTFSQYTVVDEISVAKIDAASPLEKVCLIGCGFSTGYGSAVKVAKVTQGSTCAVFGLGGVGLSVIMGCKAAGAARIIGVDINKDKFAKAKEVGATECVNPQDYKKPIQEVLTEMSNGGVDFSFEVIGRLDTMVTALSCCQEAYGVSVIVGVPPDSQNLSMNPMLLLSGRTWKGAIFGGFKSKDSVPKLVADFMAKKFALDPLITHVLPFEKINEGFDLLRSGESIRTILTF
cb513_504,MTEYKLVVVGAPGVGKSALTIQLIQNHFVDEYDPTIEDSYRKQVVIDGETCLLDILDTAGQEEYSAMRDQYMRTGEGFLCVFAINNTKSFEDIHQYREQIKRVKDSDDVPMVLVGNKCDLAARTVESRQAQDLARSYGIPYIETSAKTRQGVEDAFYTLVREIRQH
cb513_503,KETAAAKFERQHMDSSTSAASSSNYCNQMMKSRNLTKDRCKPVNTFVHESLADVQAVCSQKNVACKNGQTNCYQSYSTMSITDCRETGSSKYPNCAYKTTQANKHIIVACEGNPYVPVHFDASV
cb513_502,SKVVVPAQGKKITLQNGKLNVPENPIIPYIEGDGIGVDVTPAMLKVVDAAVEKAYKGERKISWMEIYTGEKSTQVYGQDVWLPAETLDLIREYRVAIKGPLTTPVGGGIRELNVALRQELDLYICLRPVRYYQGTPSPVKHPELTDMVIFRENSEDIYAGIEWKADSADAEKVIKFLREEMGVKKIRFPEHCGIGIKPCSEEGTKRLVRAAIEYAIANDRDSVTLVHKGNIMKFTEGAFKDWGYQLAREEFGGELIDGGPWLKVKNPNTGKEIVIKDVIADAFLQQILLRPAEYDVIACMNLNGDYISDALAAQVGGIGIAPGANIGDECALFEATHGTAPKYAGQDKVNPGSIILSAEMMLRHMGWTEAADLIVKGMEGAINAKTVTYDFERLMDGAKLLKCSEFGDAIIENM
cb513_501,NRDPASDQMKHWKEQRAAQKPDVLTTGGGNPVGDKLNSLTVGPRGPLLVQDVVFTDEMAHFDRERIPERVVHAKGAGAFGYFEVTHDITRYSKAKVFEHIGKRTPIAVRFSTVAGESGSADTVRDPRGFAVKFYTEDGNWDLVGNNTPIFFIRDALLFPSFIHSQKRNPQTHLKDPDMVWDFWSLRPESLHQVSFLFSDRGIPDGHRHMDGYGSHTFKLVNADGEAVYCKFHYKTDQGIKNLSVEDAARLAHEDPDYGLRDLFNAIATGNYPSWTLYIQVMTFSEAEIFPFNPFDLTKVWPHGDYPLIPVGKLVLNRNPVNYFAEVEQLAFDPSNMPPGIEPSPDKMLQGRLFAYPDTHRHRLGPNYLQIPVNCPYRARVANYQRDGPMCMMDNQGGAPNYYPNSFSAPEHQPSALEHRTHFSGDVQRFNSANDDNVTQVRTFYLKVLNEEQRKRLCENIAGHLKDAQLFIQKKAVKNFSDVHPEYGSRIQALLDKYN
cb513_469,VKIVTVKTKAYPDQKPGTSGLRKRVKVFQSSTNYAENFIQSIISTVEPAQRQEATLVVGGDGRFYMKEAIQLIVRIAAANGIGRLVIGQNGILSTPAVSCIIRKIKAIGGIILTASHNPGGPNGDFGIKFNISNGGPAPEAITDKIFQISKTIEEYAICPDLKVDLGVLGKQQFDLENKFKPFTVEIV
cb513_500,ITGTSTVGVGRGVLGDQKNINTTYSTYYYLQDNTRGDGIFTYDAKYRTTLPGSLWADADNQFFASYDAPAVDAHYYAGVTYDYYKNVHNRLSYDGNNAAIRSSVHYSQGYNNAFWNGSEMVYGDGDGQTFIPLSGGIDVVAHELTHAVTDYTAGLIYQNESGAINEAISDIFGTLVEFYANKNPDWEIGEDVYTPGISGDSLRSMSDPAKYGDPDHYSKRYTGTQDNGGVHINSGIINKAAYLISQGGTHYGVSVVGIGRDKLGKIFYRALTQYLTPTSNFSQLRAAAVQSATDLYGSTSQEVASVKQAFDAVGVK
cb513_468,PKLVLVRHGQSEWNEKNLFTGWVDVKLSAKGQQEAARAGELLKEKGVNVLVDYTSKLSRAIQTANIALEKADRLWIPVNRSWRLNERHYGDLQGKDKAQTLKKFGEEKFNTYRRSFDVPPPPIDASSPFSQKGDERYKYVDPNVLPETESLALVIDRLLPYWQDVIAKLVGKTSMIAAHGNSLRGLVKHLEGISDADIAKLNIPPGTILVFELDENLKPSKPSYYLDPEA
cb513_109,AVVKDFDISKFLGFWYEIAFASKMGTPGLAHKEEKMGAMVVELKENLLALTTTYYSEDHCVLEKVTATEGDGPAKFQVTRLSGKKEVVVEATDYLTYAIIDITSLVAGAVHRTMKLYSRSLDDNGEALYNFRKITSDHGFSETDLYILKHDLTCVKVLQSAAES
cb513_467,YFGKALENPTRPFLAILGGAKVADKIQLIDNLLDKVDSIIIGGGMAFTFKKVLENTEIGDSIFDKAVGPEIAKLMEKAKAKGVEVVLPVDFIIADAFSASANTKTVTDKEGIPAGWQGLDNGPESRKLFAATVAKATVILWNGPPGVFEFEKFAAGTKALLDEVVKSSAAGNTVIIGGGDTATVAKKYGVTDKISHVSTGGGASLELLEG
cb513_108,CSCSSLMDKECVYFCHLDIIW
cb513_466,CAYCVTEPGAGSDVAGIKTKAEKKGDEYIINGQKMWITNGGKANWYFLLARSDPDPKAPASKAFTGFIVEADTPGVQIGRKEINMGQRCSDTRGIVFEDVRVPKENVLTGE
cb513_107,TPHTKFEASVYVLKKEEGGRHTGFFSGYRPQFYFRTTDVTGVVRLPQGVEMVMPGDNVTFTVELIKPVALEEGLRFAIREGGRTVGAGVVTKILE
cb513_465,GAGFKIAMGTFDKTRPPVAAGAVGLAQRALDEATKYALERKTFGKLLAEHQGISFLLADMAMKVELARLSYQRAAWEIDSGRRNTYYASIAKAYAADIANQLATDAVQVFGGNGFNTEYPVEKLMRDAKIYQIYEGTAQIQRIIIAREHIGRYK
cb513_106,VDGDQCESNPCLNGGSCKDDINSYECWCPFGFEGKNCEL
cb513_464,GFSFELTEQQKEFQATARKFAREEIIPVAAEYDRTGEYPVPLLKRAWELGLMNTHIPESFGGLGLGIIDSCLITEELAYGCTGVQTAIEANTLGQVPLIIGGNYQQQKKYLGRMTEEPLM
cb513_105,MINAIRTPDQRFSNLDQYPFSPNYLDDLPGYPGLRAHYLDEGNSDAEDVFLCLHGEPTWSYLYRKMIPVFAESGARVIAPDFFGFGKSDKPVDEEDYTFEFHRNFLLALIERLDLRNITLVVQDWGGFLGLTLPMADPSRFKRLIIMNACLMTDPVTQPAFSAFVTQPADGFTAWKYDLVTPSDLRLDQFMKRWAPTLTEAEASAYAAPFPDTSYQAGVRKFPKMVAQRDQACIDISTEAISFWQNDWNGQTFMAIGMKDKLLGPDVMYPMKALINGCPEPLEIADAGHFVQEFGEQVAREALKHFAETE
cb513_463,STKKTQLQLEHLLLDLQMILNGINNYKNPKLTRMLTFKFYMPKKATELKHLQCLEEELKPLEEVLNLAQSKNFHLRPRDLISNINVIVLELKGCEYADETATIVEFLNRWITFAQSIISTLT
cb513_104,ATPHINAEMGDFADVVLMPGDPLRAKYIAETFLEDAREVNNVRGMLGFTGTYKGRKISVMGHGMGIPSCSIYTKELITDFGVKKIIRVGSCGAVLPHVKLRDVVIGMGACTDSKVNRIRFKDHDFAAIADFDMVRNAVDAAKALGIDARVGNLFSADLFYSPDGEMFDVMEKYGILGVEMEAAGIYGVAAEFGAKALTICTVSDHIRTHEQTTAAERQTTFNDMIKIALESVLLGDK
cb513_462,KSPEELKGIFEKYAAKEGDPNQLSKEELKLLLQTEFPSLLKGPSTLDELFEELDKNGDGEVSFEEFQVLVKKISQ
cb513_103,PGAPFITSTLQQAASTRLGFGVKKTMMMAQRLYEAGYITYMRTDSTNLSQDAVNMVRGYISDNFGKKYLPESPNQYAHEAIRPSDVNVMAESLKDMEADAQKLYQLIWRQFVACQMT
cb513_461,GLFGAIAGFIENGWEGMIDGWYGFRHQNSEGTGQAADLKSTQAAIDQINGKLNRVIEKTNEKFHQIEKEFSEVEGRIQDLEKYVEDTKIDLWSYNAELLVALENQHTIDLTDSEMNKLFEKTRRQLRENAEEMGNGCFKIYHKCDNACIESIRNGTYDHDVYRDEALNNRFQIKG
cb513_102,GKALVIVESPAKAKTINKYLGSDYVVKSSVGHIRDLPDERGALVNRMGVDPWHNWEAHYEVLPGKEKVVSELKQLAEKADHIYLATDLDREGEAIAWHLREVIGGDDARYSRVVFNEITKNAIRQAFNKPGELNIDRVN
cb513_460,QDLPGNDNSTATLCLGHHAVPNGTLVKTITDDQIEVTNATELVQSSSTGKICNNPHRILDGIDCTLIDALLGDPHCDVFQNETWDLFVERSKAFSNCYPYDVPDYASLRSLVASSGTLEFITEGFTWTGVTQNGGSNACKRGPGSGFFSRLNWLTKSGSTYPVLNVTMPNNDNFDKLYIWGIHHPSTNQEQTSLYVQASGRVTVSTRRSQQTIIPNIGSRPWVRGQSSRISIYWTIVKPGDVLVINSNGNLIAPRGYFKMRTGKSSIMRSDAPIDTCISECITPNGSIPNDKPFQNVNKITYGACPKYVKQNTLKLATGMRNVPEKQT
cb513_069,KCGDCHHPVNGKEDYRKCGTAGCHDSMDKKDKSAKGYYHVMHDKNTKFKSCVGCHVEVAGADAAKKKDLTGCKKSKCHE
cb513_101,ILVIRKGWLTINNIGIMKGGSKEYWFVLTAENLSWYKDDEEKEKKYMLSVDNLKLRDVEKGFMSSKHIFALFNTEQRNVYKDYRQLELACETQEEVDSWKASFLRAGVYPERV
cb513_068,EFDVILKAAGANKVAVIKAVRGATGLGLKEAKDLVESAPAALKEGVSKDDAEALKKALEEAGAEVEVK
cb513_100,AGGGYWHTSGREILDANNVPVRIAGINWFGFETCNYVVHGLWSRDYRSMLDQIKSLGYNTIRLPYSDDILKPGTMPNSINFYQMNQDLQGLTSLQVMDKIVAYAGQIGLRIILDRHRPDCSGQSALWYTSSVSEATWISDLQALAQRYKGNPTVVGFDLHNEPHDPACWGCGDPSIDWRLAAERAGNAVLSVNPNLLIFVEGVQSYNGDSYWWGGNLQGAGQYPVVLNVPNRLVYSAHDYATSVYPQTWFSDPTFPNNMPGIWNKNWGYLFNQNIAPVWLGEFGTTLQSTTDQTWLKTLVQYLRPTAQYGADSFQWTFWSWNPDSGDTGGILKDDWQTVDTVKDGYLAPIKSSIFDPV
cb513_067,MDFTKPETVLNLQNIRDELVRMEDSIIFKFIERSHFATCPSVYEANHPGLEIPNFKGSFLDWALSNLEIAHSRIRRFESPDETPFFPDKIQKSFLPSINYPQILAPYAPEVNYNDKIKKVYIEKIIPLISKRDGDDKNNFGSVATRDIECLQSLSRRIHFGKFVAEAKFQSDIPLYTKLIKSKDVEGIMKNITNSAVEEKILERLTKKAEVYGVDPTERRIIPEYLVKIYKEIVIPITKEVEVEYLLRRLEE
cb513_066,SWQTYVDEHLMLAASAIVGHDGSVWAQSSSFPQFKPQEITGIMKDFEEPGHLAPTGLHLGGIKYMVIQGEAGAVIRGKKGSGGITIKKTGQALVFGIYEEPVTPGQCNMVVERLGDYLIDQGL
cb513_065,KSFPEVVGKTVDQAREYFTLHYPQYNVYFLPEGSPVTLDLRYNRVRVFYNPGTNVVNHVPHVG
cb513_064,TTCCPSIVARSNFNVCRLPGTPEAICATYTGCIIIPGATCPGDYAN
cb513_063,FDCAEYRSTNIYGYGLYEVSMKPAKNTGIVSSFFTYTGPAHGTQWDEIDIEFLGKDTTKVQFNYYTNGVGGHEKVISLGFDASKGFHTYAFDWQPGYIKWYVDGVLKHTATANIPSTPGKIMMNLWNGTGVDDWLGSYNGANPLYAEYDWVKYTSNGSVFWEPKSYFNPSTWEKADGYSNGGVFNCTWRANNVNFTNDGKLKLGLTSS
cb513_062,DGNKRMDVVNRITGNSSTIVANAARSLFAEQPQLIAPGGNAYTSRRMAACLRDMEIILRYVTYAIFAGDASVLDDRCLNGLKETYLALGTPGSSVAVGVQKMKDAALAIAGDTNGITRGDCASLMAEVASYFDKAAAAVA
cb513_061,MIRGIRGATTVERDTEEEILQKTKQLLEKIIEENHTKPEDVVQMLLSATPDLHAVFPAKAVRELSGWQYVPVTCMQEMDVTGGLKKCIRVMMTVQTDVPQDQIRHVYLEKAVVLRPDLS
cb513_060,AKDERELLEKTSELIAGMGDKIGEHLGDKYKAIAKDIADNIKNFQGKTIRSFDDAMASLNKITANPAMKINKADRDALVNAWKHVDAQDMANKLGNLSKAFKVADVVMKVEKVREKSIEGYETGNWGPLMLEVESWVLSGIASSVALGIFSATLGAYALSLGVPAIAVGIAGILLAAVVGALIDDKFADALNNEIIR
cb513_459,VLGKPQTDPTLEWFLSHCHIHKYPSKSTLIHQGEKAETLYYIVKGSVAVLIKDEEGKEMILSYLNQGDFIGELGLFEEGQERSAWVRAKTACEVAEISYKKFRQLIQVNPDILMRLSAQMARRLQVTSEKVGNLAFLDVTGRIAQTLLNLAKQPDAMTHPDGMQIKITRQEIGQIVGCSRETVGRILKMLEDQNLISAHGKTIVVYGT
cb513_458,KVGIVYNYANASDLPAKALVDAGYDGIVSAGVGNGNLYKSVFDTLATAAKTGTAVVRSSRVPTGATTQDAEVDDAKYGFVASGTLNPQKARVLLQLALTQTKDPQQIQQIFNQY
cb513_457,LPNITILATGGTIAGGGDSATKSNYTVGKVGVENLVNAVPQLKDIANVKGEQVVNIGSQDMNDNVWLTLAKKINTDCDKTDGFVITHGTDTMEETAYFLDLTVKCDKPVVMVGAMRPSTSMSADGPFNLYNAVVTAADKASANRGVLVVMNDTVLDGRDVTKTNTTDVATFKSVNYGPLGYIHNGKIDYQRTPARKHTSDTPFDVSKLNELP
cb513_456,GNNGNIMVGRANHMWDATGSKQATIPTMGIDNWADPTAPIFAEIAPLPAGLETYVSLYLAITKNPERARFQFNSGTGKVDLTWAQSQNQKGIDMAKKVFDKINQKEGTIYRTDLFYYKTWGDDFTYHPLGGVLLNKATDNFGRLPEYPGLYVVDGSLVPGNVGVNPFVTITALAERNMDKIISSDI
cb513_455,ADKELKFLVVDDFSTMRRIVRNLLKELGFNNVEEAEDGVDALNKLQAGGYGFVISDWNMPNMDGLELLKTIRADGAMSALPVLMVTAEAKKENIIAAAQAGASGYVVKPFTAATLEEKLNKIFEKLGM
cb513_454,TLADGDRVPALVIGSGYGGAVAALRLTQAGIPTQIVEMGRSWDTPGSDGKIFCGMLNPDKRSMWLADKTDQPVSNFMGFGINKSIDRYVGVLDSERFSGIKVYQGRGVGGGSLVNGGMAVTPKRNYFEEILPSVDSNEMYNKYFPRANTGLGVNNIDQAWFESTEWYKFARTGRKTAQRSGFTTAFVPNVYDFEYMKKEAAGQVTKSGLGGEVIYGNNAGKKSLDKTYLAQAAATGKLTITTLHRVTKVAPATGSGYSVTMEQIDEQGNVVATKVVTADRVFFAAGSVGTSKLLVSMKAQGHLPNLSSQVGEGW
cb513_453,TEEQIAEFKEAFSLFDKDGDGTITTKELGTVMRSLGQNPTEAELQDMINEVDADGNGTIDFPEFLTMMARKMKDTDSEEEIREAFRVFDKDGNGYISAAELRHVMTNLGEKLTDEEVDEMIREANIDGDGQVNYEEFVQMMTA
cb513_452,MNYTKFDVKNWVRREHFEFYRHRLPCGFSLTSKIDITTLKKSLDDSAYKFYPVMIYLIAQAVNQFDELRMAIKDDELIVWDSVDPQFTVFHQETETFSALSCPYSSDIDQFMVNYLSVMERYKSDTKLFPQGVTPENHLNISALPWVNFDSFNLNVANFTDYFAPIITMAKYQQEGDRLLLPLSVQVHHAVCDGFHVARFINRLQELCNSKLK
cb513_451,KKVVLGKKGDTVELTCTASQKKSIQFHWKNSNQIKILGNQGSFLTKGPSKLNDRADSRRSLWDQGNFPLIIKNLKIEDSDTYICEVEDQKEEVQLLVFGLTANSDTHLLQGQSLTLTLESPPGSSPSVQCRSPRGKNIQGGKTLSVSQLELQDSGTWTCTVLQNQKKVEFKIDIVVLA
cb513_450,AVKYYTLEEIQKHNNSKSTWLILHYKVYDLTKFLEEHPGGEEVLREQAGGDATENFEDVGHSTDARELSKTFIIGELHPDDRSKI
cb513_059,EVEALEKKVAALESKVQALEKKVEALEHG
cb513_058,SVSSIVSRAQFDRMLLHRNDGACQAKGFYTYDAFVAAAAAFSGFGTTGSADVQKREVAAFLAQTSHETTGGWATAPDGAFAWGYCFKQERGASSDYCTPSAQWPCAPGKRYYGRGPIQLSHNYNYGPAGRAIGVDLLANPDLVATDATVSFKTAMWFWMTAQPPKPSSHAVIVGQWSPSGADRAAGRVPGFGVITNIINGGIECGHGQDSRVADRIGFYKRYCDILGVGYGNNLDCYSQRPFA
cb513_057,DEEYLRDFENRAAQFSKKIEADFDWDNVANLGMFTYLLSERPGKNPALVQSIKDSLLSTADSIVRTSQNHGYGRTLGTTYYWGCNGTVVRQTMILQVANKISPNNDYVNAALDAISHVFGRNYYNRSYVTGLGINPPMNPHDRRSGADGIWEPWPGYLVGGGWPGPKDWVDIQDSYQTNEIAINWNAALIYALAGFVNYN
cb513_056,NVYEDAFKTAMLGMYLLRCGTSVSATYNGIHYSHGPCHTNDAYLDYINGQHTKKDSTKGWHDAGDYNKYVVNAGITVGSMFLAWEHFKDQLEPVALEIPEKNNSIPDFLDELKYEIDWILTMQYPDGSGRVAHKVSTRNFGGFIMPENEHDERFFVPWSSAATADFVAMTAMAARIFRPYDPQYAEKCINAAKVSYEFLKNNPANVFANQSGFSTGEYATVSDADDRLWAAAEMWETLG
cb513_055,IETKVSAAKITENYQFDSRIRLNSIGFIPNHSKKATIAANCSTFYVVKEDGTIVYTGTATSMFDNDTKETVYIADFSSVNEEGTYYLAVPGVGKSVNFKIAM
cb513_054,AHKQIYYSDKYFDEHYEYRHVMLPRELSKQVPKTHLMSEEEWRRLGVQQSLGWVHYMIHEPEPHILLFRRPLPKDQQK
cb513_053,QMPKTLRIRNGDKVRSTFSAQEYANRQARLRAHLAAENIDAAIFTSYHNINYYSDFLYCSFGRPYALVVTEDDVISISANIDGGQPWRRTVGTDNIVYTDWQRDNYFAAIQQALPKARRIGIEHDHLNLQNRDKLAARYPDAELVDVAAACMRMR
cb513_052,WKAQYKYIEDIGDGRGYTGGIIGFCSGTGDMLELVQHYTDLEPGNILAKYLPALKKVNGSASHSGLGTPFTKDWATAAKDTVFQQAQNDERDRVY
cb513_051,LLSSEKLIAIGASTGGTEAIRHVLQPLPLSSPAVIITQHMPPGFTRSFAERLNKLCQISVKEAEDGERVLPGHAYIAPGDKHMELARSGANYQIKIHDGPPVNRHRPSVDVLFHSVAKHAGRNAVGVILTGMGNDGAAGMLAMYQAGAWTIAQNEASCVVFGMPREAINMGGVSEVVDLSQVSQQMLAKISAGQAIRI
cb513_050,TPQNITDLCAEYHNTQIHTLNNKIFSYTESLAGKREMAIITFKNGATFQVEVPGSQHIDSQKKAIERMKNTLRIAYLTEAKVEKLCVWNNKTPHAIAAISMAN
cb513_449,KELNDLEKKYNAHIGVYALDTKSGKEVKFNSDKRFAYASTSKAINSAILLEQVPYNKLNKKVHINKDDIVAYSPILEKYVGKDITLKALIEASMTYSDNTANNKIIKEIGGIKKVKQRLKELGDKVTNPVRYEIELNYYSPKSKKDTSTPAAFGKTLNKLIANGKLSKENKKFLLDLMLNNKSGDTLIKDGVPKDYKVADKSGQAITYASRNDVAFVYPKGQSEPIVLVIFTNKDNKSDKPNDKLISETAKSVMKEF
cb513_448,VSAXSAYKIILXGGASSWGXVAGAASVSVPASIPLXPTXCSIKIXASPSTVKFTVAIASTIXATAXTLSVATSIAXSAASKRIATGAGSVAVGSFAHAFSFMGSTTXMYYSGSSATARXIPXPIYMXGRXFHXIXMKVPLXXGXLTSTWKGFSAASXFGXWIRXFWFIGPAFAAIXXGGXRISPVTTXSASTXGPXGTTRWSFSHAGSGVVXSISRWTXLFPTAKLSKPAAIXGGFSSXSAGISVAVAGSLPGVSKSAGGGXKKILXHPXIPLTHHGMTGKFXSFSSXTAXKITLPKGYAISYAAPAHSSKXXXAYKWAGGAYARWVXHVCKGGTGXHXTLYAA
cb513_447,DTTVSEPAPSCVTLYQSWRYSQADNGCAETVTVKVVYEDDTEGLCYAVAPGQITTVGDGYIGSHGHARYLARCL
cb513_446,AQAGSFLAIVMGGGDLEVILISLAGRQESSIXASRSLAAAMSTTAIPSDLWGNXAXSNAAFSSXEFSSXAGSVPLGFTFXEAGAKEXVIKGQITXQAXAFSLAXLXKLISAMXNAXFPAGDXXXSVADI
cb513_445,SPYSAAMAEQRHQEWLRFVDLLKNAYQNDLHLPLLNLMLTPDEREALGTRVRIVEELLRGEMSQRELKNELGAGIATITRGSNSLKAAPVELRQWLEEVLLKSD
cb513_444,GICPRFAHVIENLLLGTPSSYETSLKEFEPDDTMKDAGMQMKKVLDSLPQTTRENIMKLTEKIVKSPLCM
cb513_443,ARLNRESVIDAALELLNETGIDGLTTRKLAQKLGIEQPTLYWHVKNKRALLDALAVEILARHHDYSLPAAGESWQSFLRNNAMSFRRALLRYRDGAKVHLGTRPDEKQYDTVETQLRFMTENGFSLRDGLYAISAVSHFTLGAVLEQQEHTAALNLPPLLREALQIMDSDDGEQAFLHGLESLIRGFEVQLTALLQIV
cb513_442,MKQYLELMQKVLDEGTQKNDRTGTGTLSIFGHQMRFNLQDGFPLVTTKRCHLRSIIHELLWFLQGDTNIAYLHENNVTIWDEWADENGDLGPVYGKQWRAWPTPDGRHIDQITTVLNQLKNDPDSRRIIVSAWNVGELDKMALAPCHAFFQFYVADGKLSCQLYQRSCDVFLGLPFNIASYALLVHMMAQQCDLEVGDFVWTGGDTHLYSNHMDQTHLQLSREPRPLPKLIIKRAPESIFDYRFEDFEIEGYDPHPGIKAPVAI
cb513_441,SYSITTPSQFVFLSSAWADPIELINLCTNALGNQFQTQQARTVVQRQFSEVWKPSPQVTVRFPDSDFKVYRYNAVLDPLVTALLGAFDTRNRIIEVENQANPTTAETLDATRRVDDATVAIRSAINNLIVELIRGTGSYNRSSFESSSGLVWTS
cb513_440,NTDGTNCLTHDPIPGADASLPDQLTPEQVMDGKKKIGKRVVILNADTYFMAPSLAEKLATAGHEVTIVSGVHLANYMHFTLEYPNMMRRLHELHVEELGDHFCSRIEPGRMEIYNIWGDGSKRTYRGPGVSPRDANTSHRWIEFDSLVLVTG
cb513_049,TGDQVTVRFVVNNASTTLGQNLYLTGNVAELGNWSTGSTAIGPAFNQVIHQYPTWYYDVSVPAGKQLEFKFFKKNGSTITWESGSNHTFTTPASGTATVTVNWQ
cb513_048,TPTIGHVGPVMGKPGNVVTIDGRGFGSTKGTVYFGTTAVTGAAITSWEDTQIKVTIPSVAAGNYAVKVAASGVNSNAYNNFTIL
cb513_047,NPAIAYGSTQQRWINNDVYVYERKFGKSVAVVAVNRNLSTSASITGLSTSLPTGSYTDVLGGVLNGNNITSTNGSINNFTLAAGATAVWQYTTAET
cb513_046,MDIISKSGEGNKYTINSAIAFVAYASHIDINTTEFSKVLSGLRDFINDEAIRLGGKISDGSFNKCNGDWYEWLIGIRAIEFFLESETNFIVVKMPNATSFDVMSIYKSCLSEFIYDLRSKLSLNNVNLITSNPDFSIIDIRGRREELKSMLKDISFSNISLSTISEIDNLYKNFIDYAELEHIKSFLSVKTTFRPDRRLQLAHEGSLMKALYTHLQTRTWTINPTGIRYYAAATSIGNADVIGLKTVATHSITDVKSLPQSAVDEIFKINSVLDVDSCLSHIL
cb513_045,IVQDVPNAPKLTGITCQADKAEIHWEQQGDNRSPILHYTIQFNTSFTPASWDAAYEKVPNTDSSFVVQMSPWANYTFRVIAFNKIGASPPSAHSDSCTTQP
cb513_044,GAPVPVDENDEGLQRALQFAMAEYNRASNDKYSSRVVRVISAKRQLVSGIKYILQVEIGRTTCPKSSGDLQSCEFHDEPEMAKYTTCTFVVYSIPWLNQIKLLESKCQ
cb513_043,PFFFTHQKAHWSESAMAYNRTVKYPGQYEGIEEFVKNNPKYSFMMELNNLKLN
cb513_042,AGVPFNTKYPYGPTSIADNQSEVTAMLKAEWEDWKSKRITSNGAGGYKRVQRDASTNYDTVSEGMGYGLLLAVCFNEQALFDDLYRYVKSHFNGNGLMHWHIDANNNVTSHDGGDGAATDADEDIALALIFADKQWGSSGAINYGQEARTLINNLYNHCVEHGSYVLKPGDRWGGSSVTNPSYFAPAWYKVYAQYTGDTRWNQVADKCYQIVEEVKKYNNGTGLVPDWCTASGTPASGQSYDYKYDATRYGWRTAVDYSWFGDQRAKANCDMLTKFFARDGAKGIVDGYTIQGSKISNNHNASFIGPVAAASMTGYDLNFAKELYRETVAVKDSEYYGYYGNSLRLLTLLYITGNFPNPLSDL
cb513_041,SACTLQSETHPPLTWQKCSSGGTCTQQTGSVVIDANWRWTHATNSSTNCYDGNTWSSTLCPDNETCAKNCCLDGAAYASTYGVTTSGNSLSIGFVTQSAQKNVGARLYLMASDTTYQEFTLLGNEFSFDVDVSQLPCGLNGALYFVSMDADGGVSKYPTNTAGAKYGTGYCDSQCPRDLKFINGQANVEGWEPSSNNANTGIGGHGSCCSEMDIWEANSISEALTPHPCTTVGQEICEGDGCGGTYSDNRYGGTCDPDGCDWNPYRLGNTSFYGPGSSFTLDTTKKLTVVTQFETSGAINRYYVQNGVTFQQPNAELGSYSGNELNDDYCTAEEAEFGGSSFSDKGGLTQFKKATSGGMVLVMSLWDDYYANMLWLDSTYPTNETSSTPGAVRGSCSTSSGVPAQVESQSPNAKVTFSNIKFGPIGSTGNPSG
cb513_040,LKCNKLIPIAYKTCPEGKNLCYKMMLASKKMVPVKRGCINVCPKNSALVKYVCCSTDRCN
cb513_439,RPDFCLEPPYTGPCKARIIRYFYNAKAGLCQTFVYGGCRAKRNNFKSAEDCMRTCGGA
cb513_438,ALDAAYCFRNVQDNCCLRPLYIDFKRDLGWKWIHEPKGYNANFCAGACPYLWSSDTQHSRVLSLYNTINPEASASPCCVSQDLEPLTILYYIGKTPKIEQLSNMIVKSCKCS
cb513_437,TMRAVKRMINTHLEHKRFALINSGNTNATAGTVQNLSNGIIQGDDINQRSGDQVRIVSHKLHVRGTAITVSQTFRFIWFRDNMNRGTTPTVLEVLNTANFMSQYNPITLQQKRFTILKDVTLNCSLTGESIKDRIINLPGQLVNYNGATAVAASNGPGAIFMLQIGDSLVGLWDSSYEAVYTDA
cb513_436,GNCAEGVGMNYRGNVSVTRSGIECQLWRSRYPHKPEINSTTHPGADLRENFCRNPDGSITGPWCYTTSPTLRREECSVPVCG
cb513_435,ANKGFLVRKGNLRCLPCSRAFALSLSATDAFWAKYTACESARNPREKLNECLE
cb513_434,ATKAVCVLKGDGPVQGTIHFEAKGDTVVVTGSITGLTEGDHGFHVHQFGDNTQGCTSAGPHFNPLSKKHGGPKDEERHVGDLGNVTADKNGVAIVDIVDPLISLSGEYSIIGRTMVVHEKPDDLGRGGNEESTKTGNAGSRLACGVIGIAK
cb513_433,ATSTKKLHKEPATLIKAIDGDTVKLMYKGQPMTFRLLLVDTPETKHPKKGVEKYGPEASAFTKKMVENAKKIEVEFNKGQRTDKYGRGLAYIYADGKMVNEALVRQGLAKVAYVYKPNNTHEQHLRKSEAQAKKEKLNIWS
cb513_432,TVEKSVVFKAEGEHFTDQKGNTIVGSGSGGTTKYFRIPAMCTTSKGTIVVFADARHNTASDQSFIDTAAARSTDGGKTWNKKIAIYNDRVNSKLSRVMDPTCIVANIQGRETILVMVGKWNNNDKTWGAYRDKAPDTDWDLVLYKSTDDGVTFSKVETNIHDIVTKNGTISAMLGGVGSGLQLNDGKLVFPVQMVRTKNITTVLNTSFIYSTDGITWSLPSGYCEGFGSENNIIEFNASLVNNIRNSGLRRSFETKDFGKTWTEFPPMDKKVDNRNHGVQGSTITIPSGNKLVAAHSSAQNKNNDYTRSDISLYAHNLYSGEVKLIDDFYPKVGNASGAGYSCLSYRKNVDKETLYVVYEANGSIEFQDLSRHLPVIKSYN
cb513_431,SDLWVQKMKTYFNRIDFDKDGAITRMDFESMAERFAKESEMKAEHAKVLMDSLTGVWDNFLTAVAGGKGIDETTFINSMKEMVKNPEAKSVVEGPLPLFFRAVDTNEDNNISRDEYGIFFGMLGLDKTMAPASFDAIDTNNDGLLSLEEFVIAGSDFFMNDGDSTNKVFWGPLV
cb513_399,SAEHVLTMLNEHEVKFVDLRFTDTKGKEQHVTIPAHQVNAEFFEEGKMFDGSSIGGWKGINESDMVLMPDASTAVIDPFFADSTLIIRCDILEPGTLQGYDRDPRSIAKRAEDYLRATGIADTVLFGPEPEFFLFDDIRFGASISGSHVAIDDIEGAWNSSTKYEGGNKGHRPGVKGGYFPVPPVDSAQDIRSEMCLVMEQMGLVVEAHHHEVATAGQNEVATRFNTMTKKADEIQIYKYVVHNVAHRFGKTATFMPKPMFGDNGSGMHCHMSLAKNGTNLFSGDKYAGLSEQALYYIGGVIKHAKAINALANPTTNSYKRLVPGYEAPVMLAYSARNRSASIRIPVVASPKARRIEVRFPDPAANPYLCFAALLMAGLDGIKNKIHPGEPMDKNLYDLPPEEAKEIPQVAGSLEEALNALDLDREFLKAGGVFTDEAIDAYIALRREEDDRVRMTPHPVEFELYYSV
cb513_430,LAMTMEHKDRPLVRVILTNTGSHPVKQRSVYITALLDSGADITIISEEDWPTDWPVMEAAGIPMRKSRDMIELGVINRDGSLERPLLLFPAVAMVRGSILGRDCLQGLGLRLTNL
cb513_398,GKITFYEDRGFQGRHYECSSDHSNLQPYFSRCNSIRVDSGCWMLYEQPNFTGCQYFLRRGDYPDYQQWMGFSDSVRSCRLIPHTSSHRLRIYEREDYRGQMVEITEDCSSLQDRFHFSDIHSFHVMEGYWVLYEMPNYRGRQYLLRPGDYRRYLDWGAANARVGSLRRAVDFY
cb513_039,LKNSISDYTEAEFVQLLKEIEKENVAATDDVLDVLLEHFVKITEHPDGTDLIYYPSDNRDDSPEGIVKEIKEWRAANGKPGFKQG
cb513_397,ADTRIGVTIYKYDDNFMSVVRKAIEQDAKAAPDVQLLMNDSQNDQSKQNDQIDVLLAKGVKALAINLVDPAAAGTVIEKARGQNVPVVFFNKEPSRKALDSYDKAYYVGTDSKESGIIQGDLIAKHWAANQGWDLNKDGQIQFVLLKGEPGHPDAEARTTYVIKELNDKGIKTEQLQLDTAMWDTAQAKDKMDAWLSGPNANKIEVVIANNDAMAMGAVEALKAHNKSSIPVFGVDALPEALALVKSGALAGTVLNDANNQAKATFDLAKNLADGKGAADGTNWKIDNKVVRVPYVGVDKDNLAEFSKK
cb513_038,ARRKWQKTGHAVRAIGRLSS
cb513_396,PKYTIVDKETCIACGACGAAAPDIYDYDEDGIAYVTLDDNQGIVEVPDILIDDMMDAFEGCPTDSIKVADEPFDGDPNKFE
cb513_037,GGGARSGDDVVAKYCNACHGTGLLNAPKVGDSAAWKTRADAKGGLDGLLAQSLSGLNAMPPKGTCADCSDDELKAAIGKMSGL
cb513_395,MKIVYWSGTGNTEKMAELIAKGIIESGKDVNTINVSDVNIDELLNEDILILGCSAMGDEVLEESEFEPFIEEISTKISGKKVALFGSYGWGDGKWMRDFEERMNGYGCVVVETPLIVQNEPDEAEQDCIEFGKKIANI
cb513_036,TQSHYGQCGGIGYSGPTVCASGTTCQVLNPYYSQCL
cb513_394,DACEQAAIQCVESACESLCTEGEDRTGCYMYIYSNCPPYV
cb513_035,FKPLPISFDDFSDLNRSCFAPGFVFGTASSAFQYEGAAFEDGKGPSIWDTFTHKYPEKIKDRTNGDVAIDEYHRYKEDIGIMKDMNLDAYRFSISWPRVLPKGKLSGGVNREGINYYNNLINEVLANGMQPYVTLFHWDVPQALEDEYRGFLGRNIVDDFRDYAELCFKEFGDRVKHWITLNEPWGVSMNAYAYGTFAPGRCSDWLKLNCTGGDSGREPYLAAHYQLLAHAAAARLYKTKYQASQNGIIGITLVSHWFEPASKEKADVDAAKRGLDFMLGWFMHPLTKGRYPESMRYLVRKRLPKFSTEESKELTGSFDFLGLNYYSSYYAAKAPRIPNARPAIQTDSLINATFEHNGKPLGPMAASSWLCIYPQGIRKLLLYVKNHYNNPVIYITENGRNEFNDPTLSLQESLLDTPRIDYYYRHLYYVLTAIGDGVNVKGYFAWSLFDNMEWDSGYTVRFGLVFVDFKNNLKRHPKLSAHWFKSFLKK
cb513_393,TRINLTLVSELADQHLMAEYRELPRVFGAVRKHVANGKRVRDFKISPTFILGAGHVTFFYDKLEFLRKRQIELIAECLKRGFNIKDTTVQDISDIPQEFRGDYIPHEASIAISQARLDEKIAQRPTWYKYYGKAIYA
cb513_034,INTFDGVADYLQTYHKLPDNYITKSEAQALGWVASKGNLADVAPGKSIGGDIFSNREGKLPGKSGRTWREADINYTSGFRNSDRILYSSDWLVYKTTDHYQTFTKIR
cb513_392,TTKANIKLFSFTEVNDTNPLNNLNFTLKNSGKPLVDMVVLFSANINYDAANDKVFVSNNPNVQHLLTNRAKYLKPLQDKGIKVILSILGNHDRSGIANLSTARAKAFAQELKNTCDLYNLDGVFFDDEYSAYQTPPPSGFVTPSNNAAARLAYETKQAMPNKLVTVYVYSRTSSFPTAVDGVNAGSYVDYAIHDYGGSYDLATNYPGLAKSGMVMSSQEFNQGRYATAQALRNIVTKGYGGHMIFAMDPNRSNFTSGQLPALKLIAKELYGDELVYSNTPYSKDW
cb513_033,KAVINGEQIRSISDLHQTLKKELALPEYYGENLDALWDALTGWVEYPLVLEWRQFEQSKQLTGAESVLQVFREAKAEGADITIILS
cb513_391,LKIAAFNIRTFGETKMSNATLASYIVRIVRRYDIVLIQEVRDSHLVAVGKLLDYLNQDDPNTYHYVVSEPLGRNSYKERYLFLFRPNKVSVLDTYQYDDDSFSREPAVVKFSSHSTKVKEFAIVALHSAPSDAVAEINSLYDVYLDVQQKWHLNDVMLMGDFNADCSYVTSSQWSSIRLRTSSTFQWLIPDSADTTATSTNCAYDRIVVAGSLLQSSVVPGSAAPFDFQAAYGLSNEMALAISDHYPVEVTLT
cb513_032,GIVEQCCASVCSLYQLENYCN
cb513_390,VAPWVALTRAEFEKGLSDKQLAEISALGLPVIVKPSREGSSVGMSKVVAENALQDALRLAFQHDEEVLIEKWL
cb513_031,TPDCVTGKVEYTKYNDDDTFTVKVGDKELFTNRWNLQSLLLSAQITGMTVTIKTNACHNGGGFSEVIFR
cb513_030,RGHAVECRINAEDPNTFLPSPGKITRFHAPGGFGVRWESHIYAGYTVPPYYDSMIGKLICYGENRDVAIARMKNALQELIIDGIKTNVDLQIRIMNDENFQHGGTNIHYLEKKLGLQE
cb513_429,MRLFGYARVSTSQQSLDIQVRALKDAGVKANRIFTDKRKGLDLLRMKVEEGDVILVKKLDRLGRDTADMIQLIKEFDAQGVSIRFIDDGISTDGEMGKMVVTILSAVAQAERQRI
cb513_428,FYGELVDLGVKEKLIEKAGAWYSYKGEKIGQGKANATAWLKDNPETAKEIEKKVRELLL
cb513_427,MRLGEDRSMDVETISTGSLSLDIALGAGGLPMGRIVEIYGPESSGKTTLTLQVIAAAQREGKTCAFIDAEHALDPIYARKLGVDIDNLLCSQPDTGEQALEICDALARSGAVDVIVVDSVAALTPKAEIEGLAARMMSQAMRKLAGNLKQSNTLLIFINQTGGNALKFYASVRLDIRRIGAVKEGENVVGSETRVKVVKNKIAAPFKQAEFQILYGEGIN
cb513_426,MKFTVEREHLLKPLQQVSGPLGGRPTLPILGNLLLQVADGTLSLTGTDLEMEMVARVALVQPHEPGATTVPARKFFDICRGLPEGAEIAVQLEGERMLVRSGRSRFSLSTLPAADFPNLDDWQ
cb513_425,MEHVAFGSEDIENTLAKMDDGQLDGLAFGAIQLDGDGNILQYNAAEGDITGRDPKQVIGKNFFKDVAPCTDSPEFYGKFKEGVASGNLNTMFEYTFDYQMTPTKVKVHMKKALSGDSYWVFVKRV
cb513_424,MKTQVAIIGAGPSGLLLGQLLHKAGIDNVILERQTPDYVLGRIRAGVLEQGMVDLLREAGVDRRMARDGLVHEGVEIAFAGQRRRIDLKRLSGGKTVTVYGQTEVTRDLMEAREACGATTVYQAAEVRLHDLQGERPYVTFERDGERLRLDCDYIAGCDGFHGISRQSIPAERLKVFERVYPFGWLGLLADTPPVSHELIYANHPRGFALCSQRSATRSRYYVQVPLTEKVEDWSDERFWTELKARLPAEVAEKLVTGPSLEKSIAPLRSFVVEPMQHGRLFLAGDAAHIVPPTGAKGLNLAASDVSTLYRLLLKAYREGRGELLERYSAICLRRIWKAERFSWWMTSVLHRFPDTDAFSQRIQQTELEYYLGSEAGLATIAENYVGLPYE
cb513_423,VKMVHNGIEYGDMQLICEAYHLMKDVLGLGHKEMAKAFEEWNKTELDSFLIEITASILKFQDADGKHLLPKIRDSAGQKGTGKWTAISALEYGVPVTLIGEAVFARCLSSLKDERIQASKKLKGPQNIPFEGDKKSFLEDIRKALYASKIISYAQGFMLLRQAATEFGWTLNYGGIALMWRGGCIIRSVFLGKIKDAFDRNPGLQNLLLDDFFKSAVENCQDSWRRAISTGVQAGIPMPCFTTALSFYDGYRH
cb513_422,AQADIALIGLAVMGQNLILNMNDHGFVVCAFNRTVSKVDDFLANEAKGTKVLGAHSLEEMVSKLKKPRRIILLVKAGQAVDNFIEKLVPLLDIGDIIIDGGNSEYRDTMRRCRDLKDKGILFVGSGVSGGEDGARYGPSLMPGGNKEAWPHIKAIFQGIAAKVGTGEPCCDWVGDDGAGHF
cb513_421,CPLMVKVLDAVRGSPAINVAVHVFRKAADDTWEPFASGKTSESGELHGLTTEEQFVEGIYKVEIDTKSYWKALGISPFHEHAEVVFTANDSGPRRYTIAALLSPYSYSTTAVVT
cb513_389,MTDKIAVLLGGTSAEREVSLNSGAAVLAGLREGGIDAYPVDPKEVDVTQLKSMGFQKVFIALHGRGGEDGTLQGMLELMGLPYT
cb513_420,SISSRVKSKRIQLGLNQAELAQKVGTTQQSIEQLENGKTKRPRFLPELASALGVSVDWLLNGT
cb513_388,HPEIVSVIGEYAGKLDHLFSEMLSRPVVDLATRLANITPPGLDRALLLSTGAESNEAAIRMAKLVTGKYEIVGFAQSWHGMTGAAASATYSAGRKGVGPAAVGSFAIPAPFTYRPRFERNGAYDYLAELDYAFDLIDRQSSGNLAAFIAEPILSSGGIIELPDGYMAALKRKCEARGMLLILDEAQTGVGRTGTMFACQRDGVTPDILTLSKTLGAGLPLAAIVTSAAIEERAHELGYLFYTTHVSDPLPAAVGLRVLDVVQRD
cb513_029,VPGSDGDDMDKNRAIAKRIGYPVIIKRVVRGDAELAQSISMTRAYMEKYLE
cb513_387,TPLVHVASVEKGRSYEDFQKVYNAIALKLREDDEYDNYIGYGPVLVRLAWHTSGTWDKHDNTGGSYGGTYRFKKEFNDPSNAGLQNGFKFLEPIHKEFPWISSGDLFSLGGVTAVQEMQGPKIPWRCGRVDTPEDTTPDNGRLPDADKDADYVRTFFQRLNMNDREVVALMGAHALGKTHLKNSGYEGPWGAANNVFTNEFYLNLLNEDWKLEKNDANNEQWDSKSGYMMLPTDYSLIQDPKYLSIVKEYANDQDKFFKDFSKAFEKLLENGITFPKDAPSPFIFKTLEEQGL
cb513_028,MLDKIVIANRGEIALRILRACKELGIKTVAVHSSADRDLKHVLLADETVCIGPAPSVKSYLNIPAIISAAEITGAVAIHPGYGFLSENANFAEQVERSGFIFIGPKAETIRLMG
cb513_386,EPGSGIGYPYDNNTLPYVAPGPTDSRAPCPALNALANHGYIPHDGRAISRETLQNAFLNHMGIANSVIELALTNAFVVCEYVTGSDCGDSLVNLTLLAEPHAFEHDHSFSRKDYKQGVANSNDFIDNRNFDAETFQTSLDVVAGKTHFDYADMNEIRLQRESLSNELDFPGWFTESKPIQNVESGFIFALVSDFNLPDNDENPLVRIDWWKYWFTNESFPYHLGWHPPSPAREIEFVTSASSAVLAASVTSTPSSLPSGAIGPGAEAVPLSFASTMTPFLLATNAPYYAQDPTLGPND
cb513_027,METNLFKLSLDDVETPKGSMLDLKISQSKIALPKNTVGGTILRSDLLANFLTEGNFRASVDLQRTHRIKGMIKMVATVGIPENTGIALACAMNSSIRGRASSDIYTICSQDCELWNPACTKAMTMSFNPNPCSDAWSLEFLKRTGFHCDIICVTGWTATPMQDVQVTIDWFISSQECVPRTYCVLNPQNPFVLNRWMGKLTFPQGTSRSVKRMPLSIGGGAGAKSAILMNMPNAVLSMWRYFVGDLVFEVSKMTSPYIKCTVSFFIAFGNLADDTINFEAFPHKLVQFGEIQEKVVLKFSQEEFLTAWSTQVRPATTLLADGCPYLYAMVHDSSVSTIPGDFVIGVKLTIIENMCAYGLNPGISGSRLLGTIPQ
cb513_385,TTLDIIRSNTFVAELKGKQPGEVEVPVIGGHSGVTILPLLSQVPGVSFTEQEVADLTKRIQNAGTEVVEAKAGGGSATLSMGQAAARFGLSLVRALQGEQGVVECAYVEGDGQYARFFSQPLLLGKNGVEERKSIGTLSAFEQNALEGMLDTLKKDIALGQEFVNK
cb513_026,SISQQTVWNQMATVRTPLNFDSSKQSFCQFSVDLLGGGISVDKTGDWITLVQNSPISNLLRVAAWKKGCLMVKVVMSGNAAVKRSDWASLVQVFLTNSNSTEHFDACRWTKSEPHSWELIFPIEVCGPNNGFEMWSSEWANQTSWHLSFLVDNPKQSTTFDVLLGISQNFEIAGNTLMPAFSVPQ
cb513_384,QSKPEDLLKLRQGLMQTLKSQWVPIAGFAAGKADLPADAAQRAENMAMVAKLAPIGWAKGTEALPNGETKPEAFGSKSAEFLEGWKALATESTKLAAAAKAGPDALKAQAAATGKVCKACHEEFKQD
cb513_025,DPKRLYCKNGGFFLRIHPDGRVDGVREKSDPHIKLQLQAEERGVVSIKGVSANRYLAMKEDGRLLASKSVTDECFFFERLESNNYNTYRSRKYTSWYVALKRTGQYKLGSKTGPGQKAILFLPMSA
cb513_383,WGYDDKNGPEQWSKLYPIANGNNQSPVDIKTSETKHDTSLKPISVSYNPATAKEIINVGHSFHVNFEDNQDRSVLKGGPFSDSYRLFQFHFHWGSTNEHGSEHTVDGVKYSAELHVAHWNSAKYSSLAEAASKADGLAVIGVLMKVGEANPKLQKVLDALQAIKTKGKRAPFTNFDPSTLLPSSLDFWTYPGSLTHPPLYESVTWIICKESISVSSEQLAQFRSLLSNVEGDNAVPMQHNNRPTQPLKGRTVRASF
cb513_024,GEFSVCDSVSVWVGDKTTATDIKGKEVTVLAEVNINNSVFRQYFFETKCRASNPVESGCRGIDSKHWNSYCTTTHTFVKALTTDEKQAAWRFIRIDTACVCVLSRKA
cb513_382,SCFALISGTANQVKCYRFRVKKNHRHRYENCTTTWFTVADNGAERQGQAQILITFGSPSQRQDFLKHVPLPPGMNISGFTASLDF
cb513_023,AAPCFCSGKPGRGDLWILRGTCPGGYGYTSNCYKWPNICCYPH
cb513_381,VEYRNWSKPQCQITGFAPFSKDNSIRLSAGGDIWVTREPYVSCDPVKCYQFALGQGTTLDNKHSNDTVHDRIPHRTLLMNELGVPFHLGTRQVCIAWSSSSCHDGKAWLHVCITGDDKNATASFIYDGRLVDSIGSWSQNILRTQESECVCINGTCTVVMTDGSASGRADTRILFIEEGKIVHISPLAGSAQHVEECSCYPRYPGVRCICRDNWKGSNRPVVDINMEDYSIDSSYVCSGLVGDTPRNDDRSSNSNCRNPNNERGTQGVKGWAFDNGNDLWMGRTISKDLRSGYETFKVIGGWSTPNSKSQINRQVIVDSDNRSGYSGIFSVEGKSCINRCFYVELIRGRKQETRVWWTSNSIVVFCGTSGTYGTGSWPDGANINFMPI
cb513_022,EISGHIVRSPMVGTFYRTPSPDAKAFIEVGQKVNVGDTLCIVEAMKMMNQIEADKSGTVKAILVESGQPVEFDEPLVVIE
cb513_380,LDDAVTRYWPQLTGKQWQGIRMLDLATYTAGGLPLQVPDEVTDNASLLRFYQNWQPQWKPGTTRLYANASIGL
cb513_021,ASTDYWQNWTDGGGIVNAVNGSGGNYSVNWSNTGNFVVGKGWTTGSPFRTINYNAGVWAPNGNGYLTLYGWTRSPLIEYYVVDSWGTYRPTGTYKGTVKSDGGTYDIYTTTRYNAPSIDGDRTTFTQYWSVRQSKRPTGSNATITFTNHVNAWKSHGMNLGSNWAYQVMATCGYQSSGSSNVTVW
cb513_020,NVYHDGACPEVKPVDNFDWSNYHGKWWEVAKYPNSVEKYGKCGWAEYTPEGKSVKVSNYHVIHGKEYFIEGTAYPVGDSKIGKIYHKLTYGGVTKENVFNVLSTDNKNYIIGYYCKYDEDKKGHQDFVWVLSRSKVLTGEAKTAVENYLIGSPVVDSQKLVYSDFSEAACKVN
cb513_419,LCTYYYEINNQKAPFNDVRVRTALKLALDRDIIVNKVKNQGDLPAYSYTPPYTDGAKLVEPEWFKWSQQKRNEEAKKLLAEAGFTADKPLTFDLLYNTSDLHKKLAIAVASIWKKNLGVNVNLENQEWKTFLDTRHQGTFDVARAGWCADYNEPTSFLNTMLSDSSNNTAHYKSPAFDKLIADTLKVADDTQRSELYAKAEQQLDKDSAIVPVYYY
cb513_418,EGLLISDVEGHPSPGVAEKWENKDFKVWTFHLRENAKWSDGTPVTAHDFVYSWQRLADPNTASPYASYLQYGHIANIDDIIAGKKPATDLGVKALDDHTFEVTLSEPVPYFYKLLVHPSVSPVPKSAVEKFGDKWT
cb513_417,GSSGLAVFDYKFASTGINEVMAQKLGKETKAVTVVEDYLMDFNPDKQKAWFKLVYDPETTQILGAQLMSKADLTANINAISLAIQAKMTIEDLAYADFFFQPAFDKPWNIINTAALEAVKQER
cb513_416,VAEHVVMMILSLVRNYLPSHEWARKGGWNIADCVSHAYDLEAMHVGTVAAGRIGLAVLRRLAPFDVHLHYTDRHRLPESVEKELNLTWHATREDMYPVCDVVTLNCPLHPETEHMINDETLKLFKRGAYIVNTARGKLCDRDAVARALESGRLAGYAGDVWFPQPAPKDHPWRTMPYNGMTPHIS
cb513_415,APQFFNIIDGSPLNFDDAMEEGRDTEAVKHFLETGENVYNEDPEILPEAEELYAGMCSGCHGHYAEGKIGPGLNDAYWTYPGNETDVGLFSTLYGGATGQMGPMWGSLTLDEMLRTMAWVRHLYTGDPKDASWLTDEQKAGFTPFQP
cb513_414,GIGAVLKVLTTGLPALISWIKRKRQQ
cb513_413,MDPNCSCAAGDSCTCAGSCKCKECKCTSCK
cb513_412,SEGNEGVIINNFYSNQYQNSIDLSANATGSDPPKTYGQFSNLLSGAVNAFSNMLPLLA
cb513_411,VTSYTLSDVVSLKDVVPEWVRIGFSATTGAEYAAHEVLSWSFHSELS
cb513_379,KSFVVSNQLREQQGELTSTWDLMLQTRINLSRSAVRMMMDSSNQQSNAKVELLDSARKTLAQAATHYKKFKSMAPLPEMVATSRNIDEKYKNYYTALTELIDYLDYGNTGAYFAQPTQGMQNAMGERFAQYALSSEKLYRDI
cb513_410,TETTSFLITKFSPDQQNLIFQGDGYTTKEKLTLTKAVKNTVGRALYSSPIHIWDRETGNVANFVTSFTFVINAPNSYNVADGFTFFIAPVDTKPQTGGGYLGVFNSAEYDKTTQTVAVEFDTFYNAAWDPSNRDRHIGIDVNSIKSVNTKSWKLQNGEEANVVIAFNAATNVLTVSLTYPN
cb513_378,ANIVGGIEYSINNASLCSVGFSVTRGATKGFVTAGHCGTVNATARIGGAVVGTFAARVFPGNDRAWVSLTSAQTLLPRVANGSSFVTVRGSTEAAVGAAVCRSGRTTGYQCGTITAKNVTANYAEGAVRGLTQGNACMGRGDSGGSWITSAGQAQGVMSGGNVQSNGNNCGIPASQRSSLFERLQPILSQYGLSLVTG
cb513_019,MEVEKEFITDEAKELLSKDKLIQQAYNEVKTSICSPIWPATSKTFTINNTEKNCNGVVPIKELCYTLLEDTYNWYREKPIDVYKEFIENSELKRVGMEFETGNISSAHRSMNKLLLGLKHGEIDLAIILMPIKQLAYYLTDRVTNFEELEPYFELTEGQPFIFIGFNAEAYNSNVPLIPKGSDGMSKRSIKKWKDKVENK
cb513_377,GASARLLRAAIMGAPGSGKGTVSSRITKHFELKHLSSGDLLRDNMLRGTEIGVLAKTFIDQGKLIPDDVMTRLVLHELKNLTQYNWLLDGFPRTLPQAEALDRAYQIDTVINLNVPFEVIKQRLTARWIHPGSGRVYNIEFNPPKTMGIDDLTGEPLVQREDDRPETVVKRLKAYEAQTEPVLEYYRKKGVLETFSGTETNKIWPHVYAFLQTKLPQRSQETSVTP
cb513_018,CSVDIQGNDQMQFNTNAITVDKSCKQFTVNLSHPGNLPKNVMGHNWVLSTAADMQGVVTDGMASGLDKDYLKPDDSRVIAHTKLIGSGEKDSVTFDVSKLKEGEQYMFFCTFPGHSALMKGTLTLK
cb513_376,PREGLHDGKGKALTYDKIYYVGEQDFYVPRDENGKYKKYEAPGDAYEDTVKVMRTLTPTHVVFNGAVGALTGDKAMTAAVGEKVLIVHSQANRDTRPHLIGGHGDYVWATGKFNTPPDVDQETWFIPGGAAGAAFYTFQQPGIYAYVNHNLIEAFELGAAAHFKVTGEWNDDLMTSVLAPSG
cb513_017,MRRWFHPNITGVEAENLLLTRGVDGSFLARPSKSNPGDFTLSVRRNGAVTHIKIQNTGDYYDLYGGEKFATLAELVQYYMEHHGQLKEKNGDVIELKYPLN
cb513_375,IAALPRQKVELVDPPFVHAHSQVAEGGPKVVEFTMVIEEKKIVIDDAGTEVHAMAFNGTVPGPLMVVHQDDYLELTLINPETNTLMHNIDFHAATGALGGGGLTEINPGEKTILRFKATKPGVFVYHCAPPGMVPWHVVSGMNGAIMVL
cb513_016,IPAYLAETLYYAMKGAGTDDHTLIRVMVSRSEIDLFNIRKEFRKNFATSLYSMIKGDTSGDYKKALLLLCGEDD
cb513_374,FETEETRKLEISGMPLGDLFHIRFAARSPEFKKHPAVRKEPGPGLVPVLTGRNLKPGWVDYEKNHSGLWMPKERAKELRDFYATPHLVVAHTKGTRVVAAWDERAYPWREEFHLLPKEGVRLDPSTLVQWLNSEAMQKHVRTLYRDFVPHLTLRMLERLPVRREYGFHT
cb513_015,RDPDAGIDEAQVEQDAQALFQAGELKWGTDEEKFITIFGTRSVSHLRKVFDKYMTISGFQIEETIDRETSGNLEQLLLAVVKSIRS
cb513_373,VETPPEVVDFMVSLAEAPRGGRVLEPACAHGPFLRAFREAHGTGYRFVGVEIDPKALDLPPWAEGILADFLLWEPGEAFDLILGNPPYGIVGVFKAVKDLYKKAFSTWKGKYNLYGAFLEKAVRLLKPGGVLVFVVPATWLVLEDFALLREFLAREGKTSVYYLGEVFPQKKVSAVVIRFQKSGKGLSLWDTQESESGFTPILWAEYPHWEGEIIR
cb513_014,TTYADFIASGRTGRRNAIHD
cb513_372,TELNFSSPFELLIAVLLSAQATDVSVNKATAKLYPVANTPAAMLELGVEGVKTYIKTIGLYNSKAENIIKTCRILLEQHNGEVPEDRAALEALPGVGRKTANVVLNTAFG
cb513_013,REPRGLGPLQIWQTDFTLEPRAPRSWLAVTVDTASSAIVVTQHGRVTSVAAQHHWATAIAVLGRPKAIKTDNGSCFTSKSTREWLARWGIAHTTGIPGNSQGQAVERANRLLKDKIRVLAEGDGFKRIPTSKQGELLAKAYALNHFER
cb513_371,MFENITAAPADPILGLADLFRADERPGKINLGIGVYKDETGKTPVLTSVKKAEQYLLENETTKNYLGIDGIPEFGRCTQELLFGKGSALINDKRARTAQTPGGTGALRVAADFLAKNTSVKRVWVSNPSWPNHKSVFNSAGLEVREYAYYDAENHTLDFDALINSLNEAQAGDVVLFHGCCHNPTGIDPTLEQWQTLAQLSVEKGWLPLFDFAYQGFARGLEEDAEGLRAFAAMHKELIVASSYSANFGLYNERVGACTLVAADSETVDRAFSQMKAAIRANYSNPPAHGASVVATILSNDALRAIWEQELTDMRQRIQRMRQLFVNTLQEKGANRDFSFIIKQNGMFSFSGLTKEQVLRLREEFGVYAVASGRVNVAGMTPDNMAPLCEAIVAVL
cb513_012,PKPPVKFNRRIFLLNTQNVINGYVKWAINDVSLALPPTPYLGAMKYNLLHAFDQNPPPEVFPEDYDIDTPPTNEKTRIGNGVYQFKIGEVVDVILQNANMMKENLSETHPWHLHGHDFWVLGYGDGKFSAEEESSLNLKNPPLRNTVVIFPYGWTAIRFVADNPGVWAFHCHIEPHLHMGMGVVFAEGVEKVGRIPTKALACGGTAKSLINNPKNP
cb513_370,PFVTTIVGLYGLCLQANSGQVWIEDCSSEKAEQQWALYADGSIRPQQNRDNCLTSDSNIRETVVKILSCGPASSGQRWMFKNDGTILNLYSGLVLDVRASDPSLKQIILYPLHGDPNQIWLPLF
cb513_011,SEACPLILDYHVALDNAREKARGAKAIGTTGRGIGPAYEDKVARRGLRVGDLFDKETFAEKLKEVMEYHNFQLVNYYKAEAVDYQKVLDDTMAVADILTS
cb513_010,FHYDGEINLLLSDWWHQSIHKQEVGLSSKPIRWIGEPQTILLNGRGQFDCSIAAKYDSNLEPCKLKGSESCAPYIFHVSPKKTYRIRIASTTALAALNFAIGNHQLLVVEADGNYVQPFYTSDIDIYSGESYSVLITTDQNPSENYWVSVGTRARHPNTPPGLTLLNYLPNSVSKLPTSPPPQTPAWDDFDRSKNFTYRITAAMGS
cb513_409,APVRSLNCTLRDSQQKSLVMSGPYELKALHLQGQDMEQQVVFSMSFVQGEESNDKIPVALGLKEKNLYLSCVLKDDKPTLQLESVDPKNYPKKKMEKRFVFNKIEINNKLEFESAQFPNWYISTSQAENMPVFLGGTKGGQDITDFTMQFVSS
cb513_408,AQKTFKVTADSGIHARPATVLVQTASKYDADVNLEYNGKTVNLKSIMGVVSLGIAKGAEITISASGADENDALNALEETMKCEGLGE
cb513_407,GFPIPDPYCWDISFRTFYTIVIDDEHKTLFNGILLLSQADNADHLNELRRCTGKHFLNEQQLMQASQYAGYAEHKKAHDDFIHKLDTWDGDVTYAKNWLVNHIKTIDFKYRGKI
cb513_406,WQECMDYAVTLARQAGEVVCEAIKNEMNVMLKSSPVDLVTATDQKVEKMLISSIKEKYPSHSFIGEESVAAGEKSILTDNPTWIIDPIDGTTNFVHRFPFVAVSIGFAVNKKIEFGVVYSCVEGKMYTARKGKGAFCNGQKL
cb513_405,EPRAEDGHAHDYVNEAADASGHPRYQEGQLCENCAFWGEAVQDGWGRCTHPDFDEVLVKAEGWCSVYAPAS
cb513_404,QVSQQEDITKSLLVTELGSSRTPETVRMVLSNMEKLFCIPVHGIRSVGTAAVNMCLVATGGADAYYEMGIHCWDVAGAGIIVTEAGGVLMDVTGGPFDLMSRRVIAANNRILAERIAKEIQVIPLQRDDE
cb513_403,NLGQPTIQSFEQVGTKVNVTVEDERTLVRRNNTFLSLRDVFGKDLIYTLYYWKSSGKKTAKTNTNEFLIDVDKGENYCFSVQAVIPSRTVNRKSTDSPVECMG
cb513_402,SGTTNTVAAYNLTWKSTNFKTILEWEPKPVNQVYTVQISTKSGDWKSKCFYTTDTECDLTDEIVKDVKQTYLARVFSYPAGNVESTEPLYENSPEFTPYLET
cb513_401,LDGKTSLEKYRVDEITETLQDIFNDVVKIKFAPEAAKEAVQQNYEKSCKRLAPFLEGLLVSNGGGDGFFVGNSMTLADLHCYVALEVPLKHTPELLKDCPKIVALRKRVAE
cb513_369,ADLEDNMETLNDNLKVIEKADNAAQVKDALTKMRAAALDAQKATPPKLEDKSPDSPEMKDFRHGFDILVGQIDDALKLANEGKVKEAQAAAEQLKTTRNAYHQKYR
cb513_400,MIKVEIKPSQAQFTTRSGVSRQGKPYSLNEQLCYVDLGNEYPVLVKITLDEGQPAYAPGLYTVHLSSFKVGQFGSLMIDRLRLVPAK
cb513_368,KEDEIVIDRKKISADQVDQEVERFLSGRAKASAQLETIKTKAGETFGEEKEAIFEGHIMLLEDEELEQEIIALIKDKHMTADAAAHEVIEGQASALEELDDEYLKERAADVRDIGKRLLRNILGLKII
cb513_009,SQIRHYKWEVEYMFWAPNCNENIVMGINGQFPGPTIRANAGDSVVVELTNKLHTEGVVIHWHGILQRGTPWADGTASISQCAINPGETFFYNFTVDNPGTFFYHGHLGMQRSAGLYGSLIVDPPQGKKEP
cb513_367,TKPYRGHRFTKENVRILESWFAKNIENPYLDTKGLENLMKNTSLSRIQIKNWVSNRRRKEKTI
cb513_008,VAGGGLPKYGTAVLVNIINENGLYPVKNFQTGVYPYAYEQSGEAMAAKYLVRNKPCYACPIGCGRVNRLPTVGETEGPEYESVWALGANLGINDLASIIEANHMCDELGLDTISTGGTLATAMELYEKGHIKDEELGDAPPFRWGNTEVLHYYIEKIAKREGFGDKLAEGSYRLAESYGHPELSM
cb513_366,AQKSVKISDDISITQLSDKVYTYVSLAEIEGMVPSNGMIVINNHQAALLDTPINDAQTETLVNWVADSLHAKVTTFIPNHWHGDCIGGLGYLQKKGVQSYANQMTIDLAKEKGLPVPEHGFTDSLTVSLDGMPLQCYYLGGGHATDNIVVWLPTENILFGGCMLKDNQATSIGNISDADVTAWPKTLDKVKAKFPSARYVVPGHGDYGGTELIEHTKQIVNQYIESTSKP
cb513_007,RTDCYGNVNRIDTTGASCKTAKPEGLSYCGVSASKKIAERDLQAMDRYKTIIKKVGEKLCVEPAVIAGIISRESHAGKVLKNGWGDRGNGFGLMQVDKRSHKPQGTWNGEVHITQGTTILINFIKTIQKKFPSWTKDQQLKGGISAYNAGAGNVRSYARMDIGTTHDDYANDVVARAQYYKQHGY
cb513_365,YGPEARAELSSRLTTLRNTLAPATNDPRYLQACGGEKLNRFRDIQCRRQTAVRADLNANYIQVGNTRTIACQYPLQSQLESHFRMLAENRTPVLAVLASSSEIANQRFGMPDYFRQSGTYGSITVESKMTQQVGLGDGIMADMYTLTIREAGQKTISVPVVHVGNWPDQTAVSSEVTKALASLVDQTAETKRNMYESKGSSAVADDSKLRPVIHCRAGVGRTAQLIGAMCMNDSRNSQLSVEDMVSQMRVQRNGIMVQKDEQLDVLIKLAEGQGRPLLNS
cb513_006,SAISFHSGYSGLVATVSGSQQTLVVALNSDLGNPGQVASGSFSEAVNASNGQVRVWR
cb513_364,GEAARVWQLYIGDTRSRTAEYKAWLLGLLRQHGCHRVLDVACGTGVDSIMLVEEGFSVTSVDASDKMLKYALKERWNRRKEPAFDKWVIEEANWLTLDKDVPAGDGFDAVICLGNSFAHLPDSKGDQSEHRLALKNIASMVRPGGLLVIDHRNYDYILSTGCAPPGKNIYYKSDLTKDITTSVLTVNNKAHMVTLDYTVQVPGAGRDGAPGFSKFRLSYYPHCLASFTELVQEAFGGRCQHSVLGDFKPYRPGQAYVPCYFIHVLKKTG
cb513_005,TPAFNKPKVELHVHLDGAIKPETILYFGKKRGIALPADTVEELRNIIGMDKPLSLPGFLAKFDYYMPVIAGCREAIKRIAYEFVEMKAKEGVVYVEVRYSPHLLANSKVDPMPWNQTEGDVTPDDVVDLVNQGLQEGEQAFGIKVRSILCCMRHQPSWSLEVLELCKKYNQKTVVAMDLAGDETIEGSSLFPGHVEAYEGAVKNGIHRTVHAGEVGSPEVVREAVDILKTERVGHGYHTIEDEALYNRLLKENMHFEVCPWSSYLTGAWDPKTTHAVVRFKNDKANYSLNTDDPLIFKSTLDTDYQMTKKDMGFTEEEFKRLNINAAKSSFLPEEEKKELLERLYREYQ
cb513_363,FGEFGGMYVPQILMPALNQLEEAFVRAQKDPEFQAQFADLLKNYAGRPTALTKCQNITAGTRTTLYLKREDLLHGGAHKTNQVLGQALLAKRMGKSEIIAETGAGQHGVASALASALLGLKCRIYMGAKDVERQSPNVFRMRLMGAEVIPVHSGSATLKDACNEALRDWSGSYETAHYMLGTAAGPHPYPTIVREFQRMIGEETKAQILDKEGRLPDAVIACVGGGSNAIGMFADFINDTSVGLIGVEPGGHGIETGEHGAPLKHGRVGIYFGMKAPMMQTADGQIEESYSISAGLDFPSVGPQHAYLNSIGRADYVSITDDEALEAFKTLCRHEGIIPALESSHALAHALKMMREQPEKEQLLVVNLSGRGDKDIFTVHDILKA
cb513_004,APAFSVSPASGASDGQSVSVSVAAAGETYYIAQCAPVGGQDACNPATATSFTTDASGAASFSFTVRKSYAGQTPSGTPVGSVDCATDACNLGAGNSGLNLGHVALTFG
cb513_362,MERYENLFAQLNDRREGAFVPFVTLGDPGIEQSLKIIDTLIDAGADALELGVPFSADGPTIQNANLRAFAAGVTPAQCFEMLALIREKHPTIPIGLLMYANLVFNNGIDAFYARCEQVGVDSVLVADVPVEESAPFRQAALRHNIAPIFICPPNADDDLLRQVASYGRGYTYLLPLHHLIEKLKEYHAAPALQGFGISSPEQVSAAVRAGAAGAISGSAIVKIIEKNLASPKQMLAELRSFVSAMKAA
cb513_003,TPEMPVLENRAAQGNITAPGGARRLTGDQTAALRNSLSDKPAKNIILLIGDGMGDSEITAARNYAEGAGGFFKGIDALPLTGQYTHYALNKKTGKPDYVTDSAASATAWSTGVKTYNGALGVDIHEKDHPTILEMAKAAGLATGNVSTAELQDATPAALVAHVTSRKCYGPSATSQKCPGNALEKGGKGSITEQLLNARADVTLGGGAKTFAETATAGEWQGKTLREEAEARGYQLVSDAASLNSVTEANQQKPLLGLFADGNMPVRWLGPKATYHGNIDKPAVTCTPNPQRNDSVPTLAQMTDKAIELLSKNEKGFFLQVEGASIDKQDHAANPCGQIGETVDLDEAVQRALEFAKKEGNTLVIVTADHAHASQIVAPDTKAPGLTQALNTKDGAVMVMSYGNSEEDSQEHTGSQLRIAAYGPHAANVVGLTDQTDLFYTMKAALGLK
cb513_361,MIQQESRLKVADNSGAREVLVIKVLGGSGRRYANIGDVVVATVKDATPGGVVKKGQVVKAVVVRTKRGVRRPDGSYIRFDENACVIIRDDKSPRGTRIFGPVARELRDKDFMKIISLAPEVI
cb513_002,MFKVYGYDSNIHKCVYCDNAKRLLTVKKQPFEFINIMPEKGVFDDEKIAELLTKLGRDTQIGLTMPQVFAPDGSHIGGFDQLREYFK
cb513_360,DTASDAAAAAALTAANAKAAAELTAANAAAAAAATAR
cb513_001,VPSLATISLENSWSGLSKQIQLAQGNNGIFRTPIVLVDNKGNRVQITNVTSKVVTSNIQLLLNTRNI
cb513_359,DFVVIKAVEDGVNVIGLTRGTDTKFHHSEKLDKGEVIIAQFTEHTSAIKVRGEALIQTAYGEMKSEK
cb513_358,MDVVSLDKPFMYFEEIDNELDYEPESANEVAKKLPYQGQLKLLLGELFFLSKLQRHGILDGATVVYIGSAPGTHIRYLRDHFYNLGVIIKWMLIDGRHHDPILNGLRDVTLVTRFVDEEYLRSIKKQLHPSKIILISDVASPSTADLLSNYALQNVMISILNPVASSLKWRCPFPDQWIKDFYIPHGNKMLQPFAPSYSAEMRLLSIYTGENMRLTRVTKSDAVNYEKKMYYLNKIVRNKVVVNFDYPNQEYDYFHMYFMLRTVYCNKTFPTTKAKVLFLQQSIFRFLNIP
cb513_357,VDLSKHPSGIVPTLQNIVSTVNLDCKLDLKAIALQARNAEYNPKRFAAVIMRIREPKTTALIFASGKMVCTGAKSEDFSKMAARKYARIVQKLGFPAKFKDFKIQNIVGSCDVKFPIRLEGLAYSHAAFSSYEPELFPGLIYRMKVPKIVLLIFVSGKIVITGAKMRDETYKAFENIYPVLSEFRKIQ
cb513_356,SVTPIPLPKIDEPEEYNTNYILFWNHVGLELNRVTHTVGGPLTGPPLSARALGMLHLAIHDAYFSICPPTDFTTFLSPDTENAAYRLPSPNGANDARQAVAGAALKMLSSLYMKPVEQPNPNPGANISDNAYAQLGLVLDRSVLEAPGGVDRESASFMFGEDVADVFFALLNDPRGASQEGYHPTPGRYKFDDEPTHPVVLIPVDPNNPNGPKMPFRQYHAPFYGKTTKRFATQSEHFLADPPGLRSNADETAEYDDAVRVAIAMGGAQALNSTKRSPWQTAQGLYWAYDGSNLIGTPPRFYNQIVRRIAVTYKKEEDLANSEVNNADFARLFALVDVACTDAGIFSWKEKWEFEFWRPLSGVRDDGRPDHGDPFWLTLGAPATNTNDIPFKPPFPAYPSGHATFGGAVFQMVRRYYNGRVGTWKDDEPDNIAIDMMISEELNGVNRDLRQPYDPTAPIEDQPGIVRTRIVRHFDSAWELMFENAISRIFLGVHWRFDAAAARDILIPTTTKDVYAVDNNGATVFQNVEDIRYTTRGTREDEEGLFPIGGVPLGIEIADEIFNNGLKPTPPEIQPM
cb513_355,RTREYTSVITVPNGGHWGKWGIRQFCHSGYANGFALKVEPSQFGRDDTALNGIRLRCLDGSVIESLVGKWGTWTSFLVCPTGYLVSFSLRSEKSQGGGDDTAANNIQFRCSDEAVLVGDGLSWGRFGPWSKRCKICGLQTKVESPQGLRDDTALNNVRFFCCK
cb513_354,YAYGAQHDYFDHHDIVGWTREGDSSVANSGLAALITDGPGGAKRMYVGRQNAGETWHDITGNRSEPVVINSEGWGEFHVNGGSVSIYVQ
cb513_353,TKEQRILRYVQQNAKPGDPQSVLEAIDTYCTQKEWAMNVGDAKGQIMDAVIREYSPSLVLELGAYCGYSAVRMARLLQPGARLLTMEMNPDYAAITQQMLNFAGLQDKVTILNGASQDLIPQLKKKYDVDTLDMVFLDHWKDRYLPDTLLLEKCGLLRKGTVLLADNVIVPGTPDFLAYVRGSSSFECTHYSSYLEYMKVVDGLEKAIYQGPS
cb513_352,SQPCNEVTPRIYVGNASVAQDIPKLQKLGITHVLNAAEGRSFMHVNTNANFYKDSGITYLGIKANDTQEFNLSAYFERAADFIDQALAQKNGRVLVHCREG
cb513_351,KLTPLAYKQFIPNVAEKTLGASGRYEGKITRNSERFKELTPNYNPDIIFKDEENTGADRLMTQRCKDKLNALAISVMNQWPGVKLRVTEGWDEDGHHSEESLHYEGRAVDITTSDRDRSKYGMLARLAVEAGFDWVYYESKAHIHCSVKAENSVAAK
cb513_350,MRALFYKDGKLFTDNNFLNPVSDDNPAYEVLQHVKIPTHLTDVVVYEQTWEEALTRLIFVGSDSKGRRQYFYGKMHV
